{
  "per_sample": {
    "L-histidine": {
      "spectral_entropy": 5.966320991516113,
      "amide_I_III_ratio": 0.0,
      "amide_I_position": 1630.115966796875,
      "carboxylate_ratio": 0.0,
      "amine_ratio": 0.010285915806889534,
      "CN_CC_ratio": 0.3848697245121002,
      "crystallinity_proxy": 0.004068249836564064,
      "aromaticity": 0.010285915806889534,
      "dominant_region": "C-O carboxyl + O-H bending",
      "top3_regions": [
        "C-O carboxyl + O-H bending",
        "C-C aliphatic + C-N amine + C-O alcohol/ether + C-H sp2 overtone",
        "Low-frequency lattice/skeletal"
      ],
      "pH_score": 6.155333401970565,
      "polarity": 0.6422160066664219,
      "hydrophilicity": 0.6412875432521105,
      "estimated_MW": 145.7821360002458,
      "estimated_pI": 6.155333401970565,
      "bond_strength": 43.20267868041992
    },
    "a07": {
      "spectral_entropy": 6.018711566925049,
      "amide_I_III_ratio": 0.0,
      "amide_I_position": 1630.115966796875,
      "carboxylate_ratio": 0.0,
      "amine_ratio": 0.004521501250565052,
      "CN_CC_ratio": 0.3874962031841278,
      "crystallinity_proxy": 0.004131187219172716,
      "aromaticity": 0.004521501250565052,
      "dominant_region": "C-C aliphatic + C-N amine + C-O alcohol/ether + C-H sp2 overtone",
      "top3_regions": [
        "C-C aliphatic + C-N amine + C-O alcohol/ether + C-H sp2 overtone",
        "C-O carboxyl + O-H bending",
        "Skeletal C-C/C-N stretch (low)"
      ],
      "pH_score": 5.530918535888196,
      "polarity": 0.6709954984486103,
      "hydrophilicity": 0.7018431283533574,
      "estimated_MW": 143.619125886932,
      "estimated_pI": 5.530918535888196,
      "bond_strength": 54.794761657714844
    },
    "a14": {
      "spectral_entropy": 5.983961582183838,
      "amide_I_III_ratio": 0.0,
      "amide_I_position": 1630.115966796875,
      "carboxylate_ratio": 0.0,
      "amine_ratio": 0.0003884331090375781,
      "CN_CC_ratio": 0.2628989517688751,
      "crystallinity_proxy": 0.004194717388600111,
      "aromaticity": 0.0003884331090375781,
      "dominant_region": "C-C aliphatic + C-N amine + C-O alcohol/ether + C-H sp2 overtone",
      "top3_regions": [
        "C-C aliphatic + C-N amine + C-O alcohol/ether + C-H sp2 overtone",
        "C-O carboxyl + O-H bending",
        "C-H sp3 deformation + O-H carboxylic bending"
      ],
      "pH_score": 4.892496882379056,
      "polarity": 0.6615102395415307,
      "hydrophilicity": 0.7198688581585885,
      "estimated_MW": 139.3440276813507,
      "estimated_pI": 4.892496882379056,
      "bond_strength": 60.402931213378906
    },
    "a39": {
      "spectral_entropy": 6.006960868835449,
      "amide_I_III_ratio": 0.0,
      "amide_I_position": 1630.115966796875,
      "carboxylate_ratio": 0.0,
      "amine_ratio": 0.001968455035239458,
      "CN_CC_ratio": 0.27516844868659973,
      "crystallinity_proxy": 0.004129825159907341,
      "aromaticity": 0.001968455035239458,
      "dominant_region": "C-C aliphatic + C-N amine + C-O alcohol/ether + C-H sp2 overtone",
      "top3_regions": [
        "C-C aliphatic + C-N amine + C-O alcohol/ether + C-H sp2 overtone",
        "C-O carboxyl + O-H bending",
        "C-H sp3 deformation + O-H carboxylic bending"
      ],
      "pH_score": 5.106406150609255,
      "polarity": 0.6035769611597062,
      "hydrophilicity": 0.6312978759407997,
      "estimated_MW": 129.9324667158723,
      "estimated_pI": 5.106406150609255,
      "bond_strength": 58.899383544921875
    },
    "a43": {
      "spectral_entropy": 5.672041893005371,
      "amide_I_III_ratio": 0.0,
      "amide_I_position": 1630.115966796875,
      "carboxylate_ratio": 0.0,
      "amine_ratio": 0.0010303775779902935,
      "CN_CC_ratio": 0.2087089717388153,
      "crystallinity_proxy": 0.011689665727317333,
      "aromaticity": 0.0010303775779902935,
      "dominant_region": "C-C aliphatic + C-N amine + C-O alcohol/ether + C-H sp2 overtone",
      "top3_regions": [
        "C-C aliphatic + C-N amine + C-O alcohol/ether + C-H sp2 overtone",
        "C-H sp3 deformation + O-H carboxylic bending",
        "C-O carboxyl + O-H bending"
      ],
      "pH_score": 4.691572245210409,
      "polarity": 0.6881117418408395,
      "hydrophilicity": 0.7609977990388871,
      "estimated_MW": 140.77042655825613,
      "estimated_pI": 4.691572245210409,
      "bond_strength": 62.76177978515625
    },
    "a44": {
      "spectral_entropy": 6.016281604766846,
      "amide_I_III_ratio": 0.0,
      "amide_I_position": 1630.115966796875,
      "carboxylate_ratio": 0.0,
      "amine_ratio": 0.003140645567327738,
      "CN_CC_ratio": 0.32124438881874084,
      "crystallinity_proxy": 0.004160156939178705,
      "aromaticity": 0.003140645567327738,
      "dominant_region": "C-C aliphatic + C-N amine + C-O alcohol/ether + C-H sp2 overtone",
      "top3_regions": [
        "C-C aliphatic + C-N amine + C-O alcohol/ether + C-H sp2 overtone",
        "C-O carboxyl + O-H bending",
        "C-H sp3 deformation + O-H carboxylic bending"
      ],
      "pH_score": 5.245152955278755,
      "polarity": 0.6192405007779598,
      "hydrophilicity": 0.6487601831555367,
      "estimated_MW": 131.2004882978648,
      "estimated_pI": 5.245152955278755,
      "bond_strength": 58.49177932739258
    }
  },
  "average": {
    "spectral_entropy": 5.944046417872111,
    "amide_I_III_ratio": 0.0,
    "amide_I_position": 1630.115966796875,
    "carboxylate_ratio": 0.0,
    "amine_ratio": 0.0035558880578416088,
    "CN_CC_ratio": 0.3067311147848765,
    "crystallinity_proxy": 0.005395633711790045,
    "aromaticity": 0.0035558880578416088,
    "pH_score": 5.2703133618893725,
    "polarity": 0.6476084914058448,
    "hydrophilicity": 0.6840092313165466,
    "estimated_MW": 138.44144519008697,
    "estimated_pI": 5.2703133618893725,
    "bond_strength": 56.42555236816406
  }
}