{
  "model_id": 10,
  "metrics": {
    "r2": 0.9136739373207092,
    "mae": 0.01712820678949356,
    "mse": 0.0004680202982854098,
    "rmse": 0.02163377679198456,
    "per_output": {
      "Alanine": {
        "r2": 0.9724773168563843,
        "mae": 0.01076487172394991,
        "rmse": 0.011642371686077275
      },
      "Asparagine": {
        "r2": 0.8577683568000793,
        "mae": 0.021749204024672508,
        "rmse": 0.023875874171228016
      },
      "Aspartic Acid": {
        "r2": 0.9567891955375671,
        "mae": 0.01107937190681696,
        "rmse": 0.015388694916887168
      },
      "Glutamic Acid": {
        "r2": 0.8601144552230835,
        "mae": 0.026867829263210297,
        "rmse": 0.029565866712809984
      },
      "Histidine": {
        "r2": 0.9597912430763245,
        "mae": 0.018517712131142616,
        "rmse": 0.02443559055074442
      },
      "Glucosamine": {
        "r2": 0.8751031160354614,
        "mae": 0.013790256343781948,
        "rmse": 0.019861247598346215
      }
    }
  },
  "name": "RIER",
  "elapsed_s": 100.26424145698547,
  "information_report": {
    "Raw-AE": {
      "effective_rank": 3.2292027473449707,
      "mi_score": 0.4907640847626203,
      "gate_weight": 0.9889898300170898,
      "radial_score": 0.407020410897846
    },
    "PCA": {
      "effective_rank": 2.0215673446655273,
      "mi_score": 0.49558582849851607,
      "gate_weight": 0.9999985694885254,
      "radial_score": 0.4063203146757737
    },
    "FFT": {
      "effective_rank": 2.0447452068328857,
      "mi_score": 0.46906774288616404,
      "gate_weight": 0.7651135325431824,
      "radial_score": 0.34882878449043364
    },
    "Bond": {
      "effective_rank": 3.767897367477417,
      "mi_score": 0.3860496739236832,
      "gate_weight": 0.0025944255758076906,
      "radial_score": 0.1700103441545445
    },
    "Deriv": {
      "effective_rank": 2.081035852432251,
      "mi_score": 0.41681823585819555,
      "gate_weight": 0.0026247119531035423,
      "radial_score": 0.17557638014362795
    },
    "NMF": {
      "effective_rank": 2.6184797286987305,
      "mi_score": 0.4468004130640867,
      "gate_weight": 0.0013242209097370505,
      "radial_score": 0.18945892832237704
    },
    "Moments": {
      "effective_rank": 3.38189697265625,
      "mi_score": 0.4244891162874034,
      "gate_weight": 7.675858068978414e-05,
      "radial_score": 0.18333858612172432
    },
    "XCorr": {
      "effective_rank": 2.2506723403930664,
      "mi_score": 0.43168188414054715,
      "gate_weight": 0.0033398608211427927,
      "radial_score": 0.18234341518201969
    },
    "total_radius": 2.062897163988347
  },
  "train_metrics": {
    "r2": 0.9967856407165527,
    "mae": 0.00707734702154994,
    "mse": 8.333122241310775e-05,
    "rmse": 0.009128593671158102,
    "per_output": {
      "Alanine": {
        "r2": 0.9976945519447327,
        "mae": 0.006435954477638006,
        "rmse": 0.007728319643949427
      },
      "Asparagine": {
        "r2": 0.9948372840881348,
        "mae": 0.008821971714496613,
        "rmse": 0.011651770963819183
      },
      "Aspartic Acid": {
        "r2": 0.9968328475952148,
        "mae": 0.007113870233297348,
        "rmse": 0.00893412564718847
      },
      "Glutamic Acid": {
        "r2": 0.9967615604400635,
        "mae": 0.007230684161186218,
        "rmse": 0.00934502382348305
      },
      "Histidine": {
        "r2": 0.9984579682350159,
        "mae": 0.005228934809565544,
        "rmse": 0.006658129540587496
      },
      "Glucosamine": {
        "r2": 0.9961295127868652,
        "mae": 0.007632667198777199,
        "rmse": 0.009644575834533358
      }
    }
  }
}