{
  "model": 10,
  "name": "Radial Exhaustive Information Explorer",
  "R2": 0.5849000414212545,
  "Adj_R2": 0.3773500621318818,
  "MAE": 0.041597217321395874,
  "MSE": 0.003751336596906185,
  "RMSE": 0.06124815586534982,
  "MAPE": 49.30158996582031,
  "RMSLE": 0.04770936071872711,
  "MaxError": 0.5402987599372864,
  "per_aa": {
    "Alanine": {
      "R2": 0.598061203956604,
      "MAE": 0.025458991527557373
    },
    "Asparagine": {
      "R2": 0.5300513505935669,
      "MAE": 0.061937686055898666
    },
    "Aspartic Acid": {
      "R2": 0.4575398564338684,
      "MAE": 0.03866082802414894
    },
    "Glutamic Acid": {
      "R2": 0.6132352352142334,
      "MAE": 0.05528787150979042
    },
    "Histidine": {
      "R2": 0.6538185477256775,
      "MAE": 0.03806755319237709
    },
    "Glucosamine": {
      "R2": 0.6566940546035767,
      "MAE": 0.03017038106918335
    }
  },
  "epochs": 19,
  "training_time": 17.9040744304657,
  "spoke_gate_weights": {
    "VAE": 0.0,
    "PCA": 1.0,
    "FFT": 1.0,
    "BondStats": 3.23459397243608e-35,
    "Derivatives": 1.0,
    "NMF": 3.4531693065159996e-33,
    "Moments": 1.0,
    "XCorr": 1.0
  },
  "novel_chains": [
    "PCA",
    "FFT",
    "Derivatives",
    "Moments",
    "XCorr"
  ]
}