{
  "model_id": 10,
  "metrics": {
    "r2": 0.9180118441581726,
    "mae": 0.016330381855368614,
    "mse": 0.000421795790316537,
    "rmse": 0.02053766759679728,
    "per_output": {
      "Alanine": {
        "r2": 0.8598911762237549,
        "mae": 0.022600166499614716,
        "rmse": 0.026268098439348953
      },
      "Asparagine": {
        "r2": 0.8402997255325317,
        "mae": 0.017790479585528374,
        "rmse": 0.025299623297015583
      },
      "Aspartic Acid": {
        "r2": 0.9608203172683716,
        "mae": 0.01196982990950346,
        "rmse": 0.014653318307273292
      },
      "Glutamic Acid": {
        "r2": 0.9271119832992554,
        "mae": 0.020824633538722992,
        "rmse": 0.021341859706963517
      },
      "Histidine": {
        "r2": 0.9762510657310486,
        "mae": 0.012800524942576885,
        "rmse": 0.018779515588987432
      },
      "Glucosamine": {
        "r2": 0.9436967372894287,
        "mae": 0.011996655724942684,
        "rmse": 0.01333514226970351
      }
    }
  },
  "name": "RIER",
  "elapsed_s": 82.11242175102234,
  "information_report": {
    "Raw-AE": {
      "effective_rank": 2.147820472717285,
      "mi_score": 0.40508836091424694,
      "gate_weight": 0.9999384880065918,
      "radial_score": 0.3706143238578863
    },
    "PCA": {
      "effective_rank": 1.9489368200302124,
      "mi_score": 0.4471903036779294,
      "gate_weight": 0.9976221919059753,
      "radial_score": 0.3861963071324877
    },
    "FFT": {
      "effective_rank": 2.3749921321868896,
      "mi_score": 0.46177790998069834,
      "gate_weight": 1.0448868124512956e-05,
      "radial_score": 0.19421322229465182
    },
    "Bond": {
      "effective_rank": 2.5083537101745605,
      "mi_score": 0.4401229640711669,
      "gate_weight": 0.0034189994912594557,
      "radial_score": 0.18676640036741693
    },
    "Deriv": {
      "effective_rank": 2.4529478549957275,
      "mi_score": 0.4685869781238046,
      "gate_weight": 0.0005686260992661119,
      "radial_score": 0.19736030788935802
    },
    "NMF": {
      "effective_rank": 1.7125908136367798,
      "mi_score": 0.45799507192284483,
      "gate_weight": 1.9776350654865382e-06,
      "radial_score": 0.19004878755069815
    },
    "Moments": {
      "effective_rank": 3.6833372116088867,
      "mi_score": 0.343272509760617,
      "gate_weight": 0.0004567184078041464,
      "radial_score": 0.15213369643224317
    },
    "XCorr": {
      "effective_rank": 1.8137255907058716,
      "mi_score": 0.37188230763490143,
      "gate_weight": 0.0006949491216801107,
      "radial_score": 0.15614681524112006
    },
    "total_radius": 1.8334798607658622
  },
  "train_metrics": {
    "r2": 0.9959330558776855,
    "mae": 0.007550736889243126,
    "mse": 0.00010577253851806745,
    "rmse": 0.010284577702466323,
    "per_output": {
      "Alanine": {
        "r2": 0.9959620237350464,
        "mae": 0.007554022595286369,
        "rmse": 0.010227929359516124
      },
      "Asparagine": {
        "r2": 0.9958086013793945,
        "mae": 0.008566022850573063,
        "rmse": 0.010498609638655145
      },
      "Aspartic Acid": {
        "r2": 0.9964208602905273,
        "mae": 0.007194137666374445,
        "rmse": 0.009497494231498186
      },
      "Glutamic Acid": {
        "r2": 0.9942986965179443,
        "mae": 0.008419368416070938,
        "rmse": 0.012399448574052984
      },
      "Histidine": {
        "r2": 0.9978326559066772,
        "mae": 0.005874108988791704,
        "rmse": 0.0078934521083828
      },
      "Glucosamine": {
        "r2": 0.9952752590179443,
        "mae": 0.007696764077991247,
        "rmse": 0.010655916920805834
      }
    }
  }
}