{
  "per_sample": {
    "L-histidine": {
      "spectral_entropy": 5.966320991516113,
      "amide_I_III_ratio": 0.0,
      "amide_I_position": 1630.115966796875,
      "carboxylate_ratio": 0.0,
      "amine_ratio": 0.010285915806889534,
      "CN_CC_ratio": 0.3848697245121002,
      "crystallinity_proxy": 0.004068249836564064,
      "aromaticity": 0.010285915806889534,
      "dominant_region": "C-O carboxyl + O-H bending",
      "top3_regions": [
        "C-O carboxyl + O-H bending",
        "C-C aliphatic + C-N amine + C-O alcohol/ether + C-H sp2 overtone",
        "Low-frequency lattice/skeletal"
      ],
      "pH_score": 6.570335477255285,
      "polarity": 0.6172003999352454,
      "hydrophilicity": 0.5897159840911627,
      "estimated_MW": 147.69795696511866,
      "estimated_pI": 6.570335477255285,
      "bond_strength": 43.20267868041992
    },
    "a07": {
      "spectral_entropy": 6.018711566925049,
      "amide_I_III_ratio": 0.0,
      "amide_I_position": 1630.115966796875,
      "carboxylate_ratio": 0.0,
      "amine_ratio": 0.004521501250565052,
      "CN_CC_ratio": 0.3874962031841278,
      "crystallinity_proxy": 0.004131187219172716,
      "aromaticity": 0.004521501250565052,
      "dominant_region": "C-C aliphatic + C-N amine + C-O alcohol/ether + C-H sp2 overtone",
      "top3_regions": [
        "C-C aliphatic + C-N amine + C-O alcohol/ether + C-H sp2 overtone",
        "C-O carboxyl + O-H bending",
        "Skeletal C-C/C-N stretch (low)"
      ],
      "pH_score": 5.595645811297,
      "polarity": 0.6669404014945031,
      "hydrophilicity": 0.6993263546377421,
      "estimated_MW": 144.425522178486,
      "estimated_pI": 5.595645811297,
      "bond_strength": 54.794761657714844
    },
    "a14": {
      "spectral_entropy": 5.983961582183838,
      "amide_I_III_ratio": 0.0,
      "amide_I_position": 1630.115966796875,
      "carboxylate_ratio": 0.0,
      "amine_ratio": 0.0003884331090375781,
      "CN_CC_ratio": 0.2628989517688751,
      "crystallinity_proxy": 0.004194717388600111,
      "aromaticity": 0.0003884331090375781,
      "dominant_region": "C-C aliphatic + C-N amine + C-O alcohol/ether + C-H sp2 overtone",
      "top3_regions": [
        "C-C aliphatic + C-N amine + C-O alcohol/ether + C-H sp2 overtone",
        "C-O carboxyl + O-H bending",
        "C-H sp3 deformation + O-H carboxylic bending"
      ],
      "pH_score": 4.952182611972094,
      "polarity": 0.6634949199855328,
      "hydrophilicity": 0.7189243189990521,
      "estimated_MW": 139.8444052747637,
      "estimated_pI": 4.952182611972094,
      "bond_strength": 60.402931213378906
    },
    "a39": {
      "spectral_entropy": 6.006960868835449,
      "amide_I_III_ratio": 0.0,
      "amide_I_position": 1630.115966796875,
      "carboxylate_ratio": 0.0,
      "amine_ratio": 0.001968455035239458,
      "CN_CC_ratio": 0.27516844868659973,
      "crystallinity_proxy": 0.004129825159907341,
      "aromaticity": 0.001968455035239458,
      "dominant_region": "C-C aliphatic + C-N amine + C-O alcohol/ether + C-H sp2 overtone",
      "top3_regions": [
        "C-C aliphatic + C-N amine + C-O alcohol/ether + C-H sp2 overtone",
        "C-O carboxyl + O-H bending",
        "C-H sp3 deformation + O-H carboxylic bending"
      ],
      "pH_score": 5.132823607474565,
      "polarity": 0.6152833685278892,
      "hydrophilicity": 0.644773855805397,
      "estimated_MW": 132.7701275405288,
      "estimated_pI": 5.132823607474565,
      "bond_strength": 58.899383544921875
    },
    "a43": {
      "spectral_entropy": 5.672041893005371,
      "amide_I_III_ratio": 0.0,
      "amide_I_position": 1630.115966796875,
      "carboxylate_ratio": 0.0,
      "amine_ratio": 0.0010303775779902935,
      "CN_CC_ratio": 0.2087089717388153,
      "crystallinity_proxy": 0.011689665727317333,
      "aromaticity": 0.0010303775779902935,
      "dominant_region": "C-C aliphatic + C-N amine + C-O alcohol/ether + C-H sp2 overtone",
      "top3_regions": [
        "C-C aliphatic + C-N amine + C-O alcohol/ether + C-H sp2 overtone",
        "C-H sp3 deformation + O-H carboxylic bending",
        "C-O carboxyl + O-H bending"
      ],
      "pH_score": 4.701537215560675,
      "polarity": 0.690480737388134,
      "hydrophilicity": 0.7628567904233933,
      "estimated_MW": 140.69079785719515,
      "estimated_pI": 4.701537215560675,
      "bond_strength": 62.76177978515625
    },
    "a44": {
      "spectral_entropy": 6.016281604766846,
      "amide_I_III_ratio": 0.0,
      "amide_I_position": 1630.115966796875,
      "carboxylate_ratio": 0.0,
      "amine_ratio": 0.003140645567327738,
      "CN_CC_ratio": 0.32124438881874084,
      "crystallinity_proxy": 0.004160156939178705,
      "aromaticity": 0.003140645567327738,
      "dominant_region": "C-C aliphatic + C-N amine + C-O alcohol/ether + C-H sp2 overtone",
      "top3_regions": [
        "C-C aliphatic + C-N amine + C-O alcohol/ether + C-H sp2 overtone",
        "C-O carboxyl + O-H bending",
        "C-H sp3 deformation + O-H carboxylic bending"
      ],
      "pH_score": 5.4225319145247335,
      "polarity": 0.6025482233613729,
      "hydrophilicity": 0.6257543623447418,
      "estimated_MW": 131.59989823121578,
      "estimated_pI": 5.4225319145247335,
      "bond_strength": 58.49177932739258
    }
  },
  "average": {
    "spectral_entropy": 5.944046417872111,
    "amide_I_III_ratio": 0.0,
    "amide_I_position": 1630.115966796875,
    "carboxylate_ratio": 0.0,
    "amine_ratio": 0.0035558880578416088,
    "CN_CC_ratio": 0.3067311147848765,
    "crystallinity_proxy": 0.005395633711790045,
    "aromaticity": 0.0035558880578416088,
    "pH_score": 5.395842773014059,
    "polarity": 0.6426580084487796,
    "hydrophilicity": 0.6735586110502481,
    "estimated_MW": 139.50478467455136,
    "estimated_pI": 5.395842773014059,
    "bond_strength": 56.42555236816406
  }
}