{
  "model_id": 9,
  "metrics": {
    "r2": 0.7548866271972656,
    "mae": 0.027663394808769226,
    "mse": 0.0011299249017611146,
    "rmse": 0.03361435559044847,
    "per_output": {
      "Alanine": {
        "r2": 0.6693977117538452,
        "mae": 0.0347512848675251,
        "rmse": 0.04035049366897163
      },
      "Asparagine": {
        "r2": 0.7097358703613281,
        "mae": 0.025621041655540466,
        "rmse": 0.034108129594921655
      },
      "Aspartic Acid": {
        "r2": 0.879881739616394,
        "mae": 0.023765549063682556,
        "rmse": 0.025657252258370965
      },
      "Glutamic Acid": {
        "r2": 0.8120571374893188,
        "mae": 0.03140581026673317,
        "rmse": 0.03427024153683498
      },
      "Histidine": {
        "r2": 0.9620044231414795,
        "mae": 0.016178471967577934,
        "rmse": 0.023753570665461562
      },
      "Glucosamine": {
        "r2": 0.4962427616119385,
        "mae": 0.03425821289420128,
        "rmse": 0.039887923701026236
      }
    }
  },
  "name": "RL Pipeline",
  "elapsed_s": 27.841362953186035,
  "tool_usage": {
    "SG": 0.19029017857141795,
    "SNIP": 0.13002232142856418,
    "ALS": 0.07924107142856701,
    "SNV": 0.10323660714285138,
    "Deriv": 0.14006696428570647,
    "MSC": 0.11830357142856482,
    "Cosmic": 0.11997767857142187,
    "Area": 0.1188616071428505
  },
  "train_metrics": {
    "r2": 0.9967595934867859,
    "mae": 0.0065046935342252254,
    "mse": 8.502302080160007e-05,
    "rmse": 0.009220792851029681,
    "per_output": {
      "Alanine": {
        "r2": 0.9967419505119324,
        "mae": 0.0068653784692287445,
        "rmse": 0.009187221415729535
      },
      "Asparagine": {
        "r2": 0.9958798289299011,
        "mae": 0.007307296618819237,
        "rmse": 0.010409037776971553
      },
      "Aspartic Acid": {
        "r2": 0.9968005418777466,
        "mae": 0.006464401725679636,
        "rmse": 0.008979624371413964
      },
      "Glutamic Acid": {
        "r2": 0.9968437552452087,
        "mae": 0.006794472690671682,
        "rmse": 0.009225746163715918
      },
      "Histidine": {
        "r2": 0.9969370365142822,
        "mae": 0.006261187139898539,
        "rmse": 0.00938371370408658
      },
      "Glucosamine": {
        "r2": 0.9973543286323547,
        "mae": 0.005335422698408365,
        "rmse": 0.007973886705264529
      }
    }
  }
}