{
  "model_id": 9,
  "metrics": {
    "r2": 0.7299936413764954,
    "mae": 0.028730817139148712,
    "mse": 0.001298807910643518,
    "rmse": 0.036038977658134505,
    "per_output": {
      "Alanine": {
        "r2": 0.8157300353050232,
        "mae": 0.020959293469786644,
        "rmse": 0.03012473459128095
      },
      "Asparagine": {
        "r2": 0.5469366312026978,
        "mae": 0.033478427678346634,
        "rmse": 0.04261285744347118
      },
      "Aspartic Acid": {
        "r2": 0.7292141318321228,
        "mae": 0.034894924610853195,
        "rmse": 0.03852286270076765
      },
      "Glutamic Acid": {
        "r2": 0.6908804178237915,
        "mae": 0.0386897474527359,
        "rmse": 0.04395086597744209
      },
      "Histidine": {
        "r2": 0.9673595428466797,
        "mae": 0.019282108172774315,
        "rmse": 0.022016114729538783
      },
      "Glucosamine": {
        "r2": 0.6298414468765259,
        "mae": 0.02508041448891163,
        "rmse": 0.034192014923482984
      }
    }
  },
  "name": "RL Pipeline",
  "elapsed_s": 20.27208685874939,
  "tool_usage": {
    "SG": 0.10100446428570865,
    "SNIP": 0.15290178571427718,
    "ALS": 0.26339285714284244,
    "SNV": 0.055803571428568316,
    "Deriv": 0.1289062499999928,
    "MSC": 0.1227678571428503,
    "Cosmic": 0.07031249999999607,
    "Area": 0.10491071428570843
  },
  "train_metrics": {
    "r2": 0.9964097142219543,
    "mae": 0.00696444371715188,
    "mse": 9.351447806693614e-05,
    "rmse": 0.009670288416946836,
    "per_output": {
      "Alanine": {
        "r2": 0.99555903673172,
        "mae": 0.007858403958380222,
        "rmse": 0.01072618833295703
      },
      "Asparagine": {
        "r2": 0.9958824515342712,
        "mae": 0.007095901761204004,
        "rmse": 0.010405691806705497
      },
      "Aspartic Acid": {
        "r2": 0.9962365031242371,
        "mae": 0.00736115500330925,
        "rmse": 0.009739012144384641
      },
      "Glutamic Acid": {
        "r2": 0.9963460564613342,
        "mae": 0.007690546568483114,
        "rmse": 0.009926482567745124
      },
      "Histidine": {
        "r2": 0.9977474808692932,
        "mae": 0.0057709733955562115,
        "rmse": 0.00804708918904448
      },
      "Glucosamine": {
        "r2": 0.996687114238739,
        "mae": 0.006009681150317192,
        "rmse": 0.008922905934217094
      }
    }
  }
}