{
  "model": 3,
  "name": "Two-Stage Hybrid (NNLS + MLP)",
  "R2": 0.6390768311373699,
  "Adj_R2": 0.6083599657022525,
  "MAE": 0.03616029660523001,
  "MSE": 0.003532481079682098,
  "RMSE": 0.05943467909968134,
  "MAPE": 43.02480719286731,
  "RMSLE": 0.045108713746411476,
  "MaxError": 0.6193043441893811,
  "per_aa": {
    "Alanine": {
      "R2": 0.6877609658644918,
      "MAE": 0.023925415267422916
    },
    "Asparagine": {
      "R2": 0.6487448684115956,
      "MAE": 0.04905885199332511
    },
    "Aspartic Acid": {
      "R2": 0.6325624110000739,
      "MAE": 0.028617038690141906
    },
    "Glutamic Acid": {
      "R2": 0.7408652957983516,
      "MAE": 0.04149297294323571
    },
    "Histidine": {
      "R2": 0.5538729019888966,
      "MAE": 0.04302873438435302
    },
    "Glucosamine": {
      "R2": 0.57065454376081,
      "MAE": 0.030838766352901444
    }
  },
  "best_n_estimators": 50,
  "epochs": 0,
  "training_time": 49.375444412231445
}