{
  "model_id": 3,
  "metrics": {
    "r2": 0.8313446044921875,
    "mae": 0.02522621862590313,
    "mse": 0.001211456605233252,
    "rmse": 0.03480598519268277,
    "per_output": {
      "Alanine": {
        "r2": 0.926688551902771,
        "mae": 0.01639152131974697,
        "rmse": 0.019001236450673437
      },
      "Asparagine": {
        "r2": 0.8366778492927551,
        "mae": 0.018841860815882683,
        "rmse": 0.025584900130652448
      },
      "Aspartic Acid": {
        "r2": 0.9257880449295044,
        "mae": 0.017080331221222878,
        "rmse": 0.020167057972171238
      },
      "Glutamic Acid": {
        "r2": 0.871722936630249,
        "mae": 0.021303266286849976,
        "rmse": 0.028312530969464393
      },
      "Histidine": {
        "r2": 0.7232493162155151,
        "mae": 0.05438937619328499,
        "rmse": 0.06410721230351336
      },
      "Glucosamine": {
        "r2": 0.7039406299591064,
        "mae": 0.02335095964372158,
        "rmse": 0.030578783647744107
      }
    }
  },
  "name": "MCR-ALS+PLSR",
  "elapsed_s": 2.713127613067627,
  "best_lv": 10,
  "loo_r2": 0.785628080368042,
  "train_metrics": {
    "r2": 0.9518157839775085,
    "mae": 0.024955376982688904,
    "mse": 0.0012744562700390816,
    "rmse": 0.03569952758845811,
    "per_output": {
      "Alanine": {
        "r2": 0.9388225674629211,
        "mae": 0.028655553236603737,
        "rmse": 0.039810957047541395
      },
      "Asparagine": {
        "r2": 0.9035083055496216,
        "mae": 0.0333382822573185,
        "rmse": 0.05037298827215802
      },
      "Aspartic Acid": {
        "r2": 0.9751407504081726,
        "mae": 0.01916857250034809,
        "rmse": 0.025030140105356695
      },
      "Glutamic Acid": {
        "r2": 0.963264524936676,
        "mae": 0.020972907543182373,
        "rmse": 0.03147439004689683
      },
      "Histidine": {
        "r2": 0.9514865279197693,
        "mae": 0.028741799294948578,
        "rmse": 0.03734526044342711
      },
      "Glucosamine": {
        "r2": 0.9786718487739563,
        "mae": 0.018855160102248192,
        "rmse": 0.02264008397455678
      }
    }
  }
}