{
  "model": 8,
  "nmn_chem_props": {
    "polarity": 0.4654524326324463,
    "hydrophilicity": 0.42114830017089844,
    "ph_score": 0.009956484660506248,
    "bond_strength": 0.6614227294921875
  },
  "profile": {
    "pH_score": 0.009956484631402418,
    "pH_label": "ki\u1ec1m",
    "polarity": 0.46545240965982276,
    "hydrophilicity": 0.42114832376440364,
    "hydrophobicity": 0.495628196707304,
    "bond_strength": 0.6614227344592413,
    "aromaticity": 0.01946096607233128,
    "amide_I_III_ratio": 1.016112117089757,
    "amide_I_pos_cm": 1332.5493036905925,
    "secondary_structure": "mixed",
    "aliphatic_index": 0.22170073814635058,
    "carboxylate_ratio": 0.2169740625970544,
    "amine_ratio": 0.1479575451321152,
    "CN_CC_ratio": 0.6991989347756169,
    "crystallinity_proxy": 3.4297997625815033,
    "spectral_entropy": 5.271668364604314,
    "dominant_bond": "COO-",
    "top3_bonds": [
      "N-H/C-H",
      "COO-",
      "C-N"
    ],
    "estimated_pI": 5.219208390983694,
    "estimated_mw": 142.34167809788758,
    "estimated_hydrophobicity": -2.4254289973963754,
    "bond_intensities": {
      "C-H bend": 0.3854487693558137,
      "C=O": 0.4502785975734393,
      "C-N": 0.40216997389992076,
      "C-C-N": 0.5347863274315993,
      "C-S/C-Cl": 0.5820656716823578,
      "COO-": 0.32363962568342686,
      "C=C/C=N": 0.42541233946879703,
      "CH2/CH3": 0.4957807945708434,
      "N-H/C-H": 0.5565808316071829,
      "C-C": 0.4326780817161004,
      "C-O/C-N+": 0.43585048491756123,
      "NH3+/NH2": 0.4352871682494879,
      "C-C-C": 0.4662114158272743
    },
    "bond_weights": {
      "C-H bend": 0.06084623836096348,
      "C=O": 0.0021545497451849363,
      "C-N": 0.13920546608164255,
      "C-C-N": 0.005462696838160662,
      "C-S/C-Cl": 0.058605710627273065,
      "COO-": 0.2169740625970544,
      "C=C/C=N": 0.01946096607233128,
      "CH2/CH3": 0.04987704710080793,
      "N-H/C-H": 0.22007962416967372,
      "C-C": 0.1109774526845791,
      "C-O/C-N+": 0.09086817794451744,
      "NH3+/NH2": 0.008752079050472636,
      "C-C-C": 0.016735928710771963
    },
    "comments": {
      "pH": "G\u1ea7n trung t\u00ednh (+0.010) \u2014 c\u00e2n b\u1eb1ng t\u1ed1t, pH ~6.5\u20137.5",
      "polarity": "Trung b\u00ecnh (0.465) \u2014 c\u00f3 C=O, N\u2013H nh\u01b0ng c\u00e2n b\u1eb1ng",
      "hydrophilicity": "Trung b\u00ecnh (0.421) \u2014 t\u01b0\u01a1ng \u0111\u1ed1i \u01b0a n\u01b0\u1edbc",
      "bond_strength": "Trung b\u00ecnh (0.661) \u2014 C\u2013C v\u00e0 C\u2013N ch\u1ee7 \u0111\u1ea1o",
      "aromaticity": "Ph\u00e1t hi\u1ec7n nh\u1eb9 (0.0195) \u2014 c\u00f3 th\u1ec3 c\u00f3 v\u00f2ng th\u01a1m",
      "amide_ratio": "C\u00e2n b\u1eb1ng (1.016) \u2014 c\u1ea5u tr\u00fac h\u1ed7n h\u1ee3p",
      "crystallinity": "Trung b\u00ecnh (3.43) \u2014 tinh th\u1ec3 m\u1ed9t ph\u1ea7n"
    }
  }
}