{
  "model": 8,
  "name": "Regularization & Multi-task Optimizer",
  "R2": 0.628188560406367,
  "Adj_R2": 0.44228284060955037,
  "MAE": 0.040419016033411026,
  "MSE": 0.003121530869975686,
  "RMSE": 0.05587066197903588,
  "MAPE": 47.58742141723633,
  "RMSLE": 0.04429198428988457,
  "MaxError": 0.4022931456565857,
  "per_aa": {
    "Alanine": {
      "R2": 0.6255829334259033,
      "MAE": 0.02628680132329464
    },
    "Asparagine": {
      "R2": 0.5676629543304443,
      "MAE": 0.061594996601343155
    },
    "Aspartic Acid": {
      "R2": 0.5258536338806152,
      "MAE": 0.0340651273727417
    },
    "Glutamic Acid": {
      "R2": 0.6589130163192749,
      "MAE": 0.05318215861916542
    },
    "Histidine": {
      "R2": 0.781190037727356,
      "MAE": 0.034758247435092926
    },
    "Glucosamine": {
      "R2": 0.6099287867546082,
      "MAE": 0.03262675926089287
    }
  },
  "epochs": 16,
  "training_time": 8.02059006690979
}