{
  "per_sample": {
    "L-histidine": {
      "spectral_entropy": 5.966320991516113,
      "amide_I_III_ratio": 0.0,
      "amide_I_position": 1630.115966796875,
      "carboxylate_ratio": 0.0,
      "amine_ratio": 0.010285915806889534,
      "CN_CC_ratio": 0.3848697245121002,
      "crystallinity_proxy": 0.004068249836564064,
      "aromaticity": 0.010285915806889534,
      "dominant_region": "C-O carboxyl + O-H bending",
      "top3_regions": [
        "C-O carboxyl + O-H bending",
        "C-C aliphatic + C-N amine + C-O alcohol/ether + C-H sp2 overtone",
        "Low-frequency lattice/skeletal"
      ],
      "pH_score": 6.585916740186513,
      "polarity": 0.6181755229830742,
      "hydrophilicity": 0.5893342953175307,
      "estimated_MW": 145.91946885183455,
      "estimated_pI": 6.585916740186513,
      "bond_strength": 43.20267868041992
    },
    "a07": {
      "spectral_entropy": 6.018711566925049,
      "amide_I_III_ratio": 0.0,
      "amide_I_position": 1630.115966796875,
      "carboxylate_ratio": 0.0,
      "amine_ratio": 0.004521501250565052,
      "CN_CC_ratio": 0.3874962031841278,
      "crystallinity_proxy": 0.004131187219172716,
      "aromaticity": 0.004521501250565052,
      "dominant_region": "C-C aliphatic + C-N amine + C-O alcohol/ether + C-H sp2 overtone",
      "top3_regions": [
        "C-C aliphatic + C-N amine + C-O alcohol/ether + C-H sp2 overtone",
        "C-O carboxyl + O-H bending",
        "Skeletal C-C/C-N stretch (low)"
      ],
      "pH_score": 5.601005430743099,
      "polarity": 0.6685762435197831,
      "hydrophilicity": 0.6956868417561054,
      "estimated_MW": 143.7340822300315,
      "estimated_pI": 5.601005430743099,
      "bond_strength": 54.794761657714844
    },
    "a14": {
      "spectral_entropy": 5.983961582183838,
      "amide_I_III_ratio": 0.0,
      "amide_I_position": 1630.115966796875,
      "carboxylate_ratio": 0.0,
      "amine_ratio": 0.0003884331090375781,
      "CN_CC_ratio": 0.2628989517688751,
      "crystallinity_proxy": 0.004194717388600111,
      "aromaticity": 0.0003884331090375781,
      "dominant_region": "C-C aliphatic + C-N amine + C-O alcohol/ether + C-H sp2 overtone",
      "top3_regions": [
        "C-C aliphatic + C-N amine + C-O alcohol/ether + C-H sp2 overtone",
        "C-O carboxyl + O-H bending",
        "C-H sp3 deformation + O-H carboxylic bending"
      ],
      "pH_score": 4.976796198040247,
      "polarity": 0.665405622124672,
      "hydrophilicity": 0.7258503869175912,
      "estimated_MW": 141.26333066761492,
      "estimated_pI": 4.976796198040247,
      "bond_strength": 60.402931213378906
    },
    "a39": {
      "spectral_entropy": 6.006960868835449,
      "amide_I_III_ratio": 0.0,
      "amide_I_position": 1630.115966796875,
      "carboxylate_ratio": 0.0,
      "amine_ratio": 0.001968455035239458,
      "CN_CC_ratio": 0.27516844868659973,
      "crystallinity_proxy": 0.004129825159907341,
      "aromaticity": 0.001968455035239458,
      "dominant_region": "C-C aliphatic + C-N amine + C-O alcohol/ether + C-H sp2 overtone",
      "top3_regions": [
        "C-C aliphatic + C-N amine + C-O alcohol/ether + C-H sp2 overtone",
        "C-O carboxyl + O-H bending",
        "C-H sp3 deformation + O-H carboxylic bending"
      ],
      "pH_score": 5.129814236499369,
      "polarity": 0.6227270696312189,
      "hydrophilicity": 0.6543543234467507,
      "estimated_MW": 132.74519361596555,
      "estimated_pI": 5.129814236499369,
      "bond_strength": 58.899383544921875
    },
    "a43": {
      "spectral_entropy": 5.672041893005371,
      "amide_I_III_ratio": 0.0,
      "amide_I_position": 1630.115966796875,
      "carboxylate_ratio": 0.0,
      "amine_ratio": 0.0010303775779902935,
      "CN_CC_ratio": 0.2087089717388153,
      "crystallinity_proxy": 0.011689665727317333,
      "aromaticity": 0.0010303775779902935,
      "dominant_region": "C-C aliphatic + C-N amine + C-O alcohol/ether + C-H sp2 overtone",
      "top3_regions": [
        "C-C aliphatic + C-N amine + C-O alcohol/ether + C-H sp2 overtone",
        "C-H sp3 deformation + O-H carboxylic bending",
        "C-O carboxyl + O-H bending"
      ],
      "pH_score": 4.646127947866916,
      "polarity": 0.6808192148804665,
      "hydrophilicity": 0.7565982267260553,
      "estimated_MW": 139.3604025660455,
      "estimated_pI": 4.646127947866916,
      "bond_strength": 62.76177978515625
    },
    "a44": {
      "spectral_entropy": 6.016281604766846,
      "amide_I_III_ratio": 0.0,
      "amide_I_position": 1630.115966796875,
      "carboxylate_ratio": 0.0,
      "amine_ratio": 0.003140645567327738,
      "CN_CC_ratio": 0.32124438881874084,
      "crystallinity_proxy": 0.004160156939178705,
      "aromaticity": 0.003140645567327738,
      "dominant_region": "C-C aliphatic + C-N amine + C-O alcohol/ether + C-H sp2 overtone",
      "top3_regions": [
        "C-C aliphatic + C-N amine + C-O alcohol/ether + C-H sp2 overtone",
        "C-O carboxyl + O-H bending",
        "C-H sp3 deformation + O-H carboxylic bending"
      ],
      "pH_score": 5.336927649229765,
      "polarity": 0.6053014263510704,
      "hydrophilicity": 0.6283000826835632,
      "estimated_MW": 130.45546075984836,
      "estimated_pI": 5.336927649229765,
      "bond_strength": 58.49177932739258
    }
  },
  "average": {
    "spectral_entropy": 5.944046417872111,
    "amide_I_III_ratio": 0.0,
    "amide_I_position": 1630.115966796875,
    "carboxylate_ratio": 0.0,
    "amine_ratio": 0.0035558880578416088,
    "CN_CC_ratio": 0.3067311147848765,
    "crystallinity_proxy": 0.005395633711790045,
    "aromaticity": 0.0035558880578416088,
    "pH_score": 5.379431367094319,
    "polarity": 0.6435008499150475,
    "hydrophilicity": 0.6750206928079328,
    "estimated_MW": 138.91298978189008,
    "estimated_pI": 5.379431367094319,
    "bond_strength": 56.42555236816406
  }
}