{
  "model_id": 8,
  "metrics": {
    "r2": 0.8021990656852722,
    "mae": 0.02483007125556469,
    "mse": 0.0009153531864285469,
    "rmse": 0.03025480435283869,
    "per_output": {
      "Alanine": {
        "r2": 0.8198895454406738,
        "mae": 0.02687986195087433,
        "rmse": 0.029782790535640587
      },
      "Asparagine": {
        "r2": 0.7080243229866028,
        "mae": 0.030061669647693634,
        "rmse": 0.034208540999326804
      },
      "Aspartic Acid": {
        "r2": 0.8737678527832031,
        "mae": 0.023662621155381203,
        "rmse": 0.026302103894960596
      },
      "Glutamic Acid": {
        "r2": 0.7277792692184448,
        "mae": 0.03380780667066574,
        "rmse": 0.041244385465442665
      },
      "Histidine": {
        "r2": 0.9963138699531555,
        "mae": 0.0061367470771074295,
        "rmse": 0.007398579285928056
      },
      "Glucosamine": {
        "r2": 0.6874195337295532,
        "mae": 0.028431715443730354,
        "rmse": 0.03142039773596933
      }
    }
  },
  "name": "Neural Module Network",
  "elapsed_s": 38.04896640777588,
  "bond_intensities_s0": {
    "C-C-C": 0.41780492663383484,
    "C-S/C-Cl": 0.4958299696445465,
    "C-C-N": 0.4195985496044159,
    "C-C": 0.6374576091766357,
    "C-N": 0.4176054298877716,
    "C-O/C-N+": 0.42120635509490967,
    "C-H bend": 0.5381879210472107,
    "N-H/C-H": 0.3881724178791046,
    "COO-": 0.47485852241516113,
    "CH2/CH3": 0.5383356809616089,
    "NH3+/NH2": 0.43630003929138184,
    "C=C/C=N": 0.3464456796646118,
    "C=O": 0.4590694308280945
  },
  "chem_props_s0": {
    "polarity": 0.4549400508403778,
    "hydrophilicity": 0.40898188948631287,
    "ph_score": 0.018823733553290367,
    "bond_strength": 0.6572295427322388
  },
  "train_metrics": {
    "r2": 0.996615469455719,
    "mae": 0.007100432645529509,
    "mse": 8.755907037993893e-05,
    "rmse": 0.009357300378845329,
    "per_output": {
      "Alanine": {
        "r2": 0.9970226883888245,
        "mae": 0.006634818855673075,
        "rmse": 0.008782475788246582
      },
      "Asparagine": {
        "r2": 0.9960026741027832,
        "mae": 0.00789577979594469,
        "rmse": 0.010252685701297795
      },
      "Aspartic Acid": {
        "r2": 0.9968360066413879,
        "mae": 0.006932006683200598,
        "rmse": 0.00892968524584383
      },
      "Glutamic Acid": {
        "r2": 0.9980700612068176,
        "mae": 0.005615311209112406,
        "rmse": 0.0072141704600150345
      },
      "Histidine": {
        "r2": 0.9971719980239868,
        "mae": 0.007176098879426718,
        "rmse": 0.009016665014542386
      },
      "Glucosamine": {
        "r2": 0.9945898056030273,
        "mae": 0.00834858138114214,
        "rmse": 0.011402683365878186
      }
    }
  }
}