{
  "model_id": 8,
  "metrics": {
    "r2": 0.7695819735527039,
    "mae": 0.023953130468726158,
    "mse": 0.001023398363031447,
    "rmse": 0.03199059804116589,
    "per_output": {
      "Alanine": {
        "r2": 0.8865102529525757,
        "mae": 0.01913095824420452,
        "rmse": 0.023641460044434442
      },
      "Asparagine": {
        "r2": 0.5240518450737,
        "mae": 0.037701208144426346,
        "rmse": 0.043675816228876625
      },
      "Aspartic Acid": {
        "r2": 0.86195307970047,
        "mae": 0.023502906784415245,
        "rmse": 0.027505461378427288
      },
      "Glutamic Acid": {
        "r2": 0.7380539178848267,
        "mae": 0.029962792992591858,
        "rmse": 0.04045853317150945
      },
      "Histidine": {
        "r2": 0.996666669845581,
        "mae": 0.006825933698564768,
        "rmse": 0.0070356369820026845
      },
      "Glucosamine": {
        "r2": 0.6102561950683594,
        "mae": 0.026594987139105797,
        "rmse": 0.03508491199027159
      }
    }
  },
  "name": "Neural Module Network",
  "elapsed_s": 29.915183305740356,
  "bond_intensities_s0": {
    "C-C-C": 0.4862547814846039,
    "C-S/C-Cl": 0.5726199746131897,
    "C-C-N": 0.5226112604141235,
    "C-C": 0.4525972306728363,
    "C-N": 0.4215024709701538,
    "C-O/C-N+": 0.42673930525779724,
    "C-H bend": 0.38853365182876587,
    "N-H/C-H": 0.5412307381629944,
    "COO-": 0.32729455828666687,
    "CH2/CH3": 0.5118519067764282,
    "NH3+/NH2": 0.4241720139980316,
    "C=C/C=N": 0.4227997958660126,
    "C=O": 0.45264944434165955
  },
  "chem_props_s0": {
    "polarity": 0.4614725410938263,
    "hydrophilicity": 0.4174862504005432,
    "ph_score": 0.011324428953230381,
    "bond_strength": 0.6607515215873718
  },
  "train_metrics": {
    "r2": 0.9952777028083801,
    "mae": 0.008451388217508793,
    "mse": 0.00012222184159327298,
    "rmse": 0.01105539875324599,
    "per_output": {
      "Alanine": {
        "r2": 0.9937201142311096,
        "mae": 0.009918034076690674,
        "rmse": 0.012755056822411771
      },
      "Asparagine": {
        "r2": 0.9957094192504883,
        "mae": 0.00820878054946661,
        "rmse": 0.01062207676632699
      },
      "Aspartic Acid": {
        "r2": 0.9932253360748291,
        "mae": 0.010233983397483826,
        "rmse": 0.013066602214169118
      },
      "Glutamic Acid": {
        "r2": 0.996830940246582,
        "mae": 0.0070449672639369965,
        "rmse": 0.00924439957067336
      },
      "Histidine": {
        "r2": 0.9970966577529907,
        "mae": 0.00721831014379859,
        "rmse": 0.009135929573533989
      },
      "Glucosamine": {
        "r2": 0.995083749294281,
        "mae": 0.0080842524766922,
        "rmse": 0.010869722318100109
      }
    }
  }
}