{
  "model": 5,
  "name": "1D ResNet",
  "R2": 0.5767389635245005,
  "Adj_R2": 0.3651084452867507,
  "MAE": 0.04172256588935852,
  "MSE": 0.003864871570840478,
  "RMSE": 0.06216809125942727,
  "MAPE": 55.216312408447266,
  "RMSLE": 0.048350729048252106,
  "MaxError": 0.5662825703620911,
  "per_aa": {
    "Alanine": {
      "R2": 0.5751439332962036,
      "MAE": 0.02664833515882492
    },
    "Asparagine": {
      "R2": 0.49017035961151123,
      "MAE": 0.06440971046686172
    },
    "Aspartic Acid": {
      "R2": 0.4241231679916382,
      "MAE": 0.037385035306215286
    },
    "Glutamic Acid": {
      "R2": 0.6685537099838257,
      "MAE": 0.050765104591846466
    },
    "Histidine": {
      "R2": 0.6200931072235107,
      "MAE": 0.039935402572155
    },
    "Glucosamine": {
      "R2": 0.6823495030403137,
      "MAE": 0.031191812828183174
    }
  },
  "epochs": 37,
  "training_time": 75.46199488639832
}