{
  "model_id": 5,
  "metrics": {
    "r2": -0.25322481989860535,
    "mae": 0.07420375943183899,
    "mse": 0.00782717950642109,
    "rmse": 0.08847134850572297,
    "per_output": {
      "Alanine": {
        "r2": -0.352372407913208,
        "mae": 0.06344044953584671,
        "rmse": 0.08161013515267383
      },
      "Asparagine": {
        "r2": -0.2855886220932007,
        "mae": 0.062317948788404465,
        "rmse": 0.0717814470273072
      },
      "Aspartic Acid": {
        "r2": -0.0781095027923584,
        "mae": 0.07363758236169815,
        "rmse": 0.07686647968836764
      },
      "Glutamic Acid": {
        "r2": -0.7702349424362183,
        "mae": 0.085685133934021,
        "rmse": 0.10517672889870516
      },
      "Histidine": {
        "r2": -0.005731463432312012,
        "mae": 0.10680881887674332,
        "rmse": 0.12220910002749952
      },
      "Glucosamine": {
        "r2": -0.02731192111968994,
        "mae": 0.0533326119184494,
        "rmse": 0.05696157051059603
      }
    }
  },
  "name": "1D CNN",
  "elapsed_s": 128.75094366073608,
  "train_metrics": {
    "r2": 0.012447933666408062,
    "mae": 0.10685518383979797,
    "mse": 0.02587750367820263,
    "rmse": 0.16086486153974905,
    "per_output": {
      "Alanine": {
        "r2": 0.023942291736602783,
        "mae": 0.10560796409845352,
        "rmse": 0.15901741579593043
      },
      "Asparagine": {
        "r2": 0.004606187343597412,
        "mae": 0.10782534629106522,
        "rmse": 0.16178945778570913
      },
      "Aspartic Acid": {
        "r2": 0.006478369235992432,
        "mae": 0.09902545064687729,
        "rmse": 0.15823691207465534
      },
      "Glutamic Acid": {
        "r2": -0.0038301944732666016,
        "mae": 0.1109880805015564,
        "rmse": 0.16452978775628094
      },
      "Histidine": {
        "r2": 0.008883833885192871,
        "mae": 0.12102893739938736,
        "rmse": 0.16879771516105835
      },
      "Glucosamine": {
        "r2": 0.034607648849487305,
        "mae": 0.09665530920028687,
        "rmse": 0.15231875067780493
      }
    }
  }
}