{
  "model_id": 5,
  "metrics": {
    "r2": -0.2440495491027832,
    "mae": 0.07276841253042221,
    "mse": 0.007552968803793192,
    "rmse": 0.08690781785198148,
    "per_output": {
      "Alanine": {
        "r2": -0.24287617206573486,
        "mae": 0.061569493263959885,
        "rmse": 0.07823658365568403
      },
      "Asparagine": {
        "r2": -0.10150420665740967,
        "mae": 0.05541209504008293,
        "rmse": 0.06644377279431933
      },
      "Aspartic Acid": {
        "r2": 0.027385413646697998,
        "mae": 0.06694625318050385,
        "rmse": 0.07300892560650173
      },
      "Glutamic Acid": {
        "r2": -0.8713487386703491,
        "mae": 0.0890677198767662,
        "rmse": 0.1081388087840103
      },
      "Histidine": {
        "r2": 0.09597522020339966,
        "mae": 0.10208754986524582,
        "rmse": 0.11586511269764874
      },
      "Glucosamine": {
        "r2": -0.37192869186401367,
        "mae": 0.06152733787894249,
        "rmse": 0.06582586069805714
      }
    }
  },
  "name": "1D CNN",
  "elapsed_s": 165.3156771659851,
  "train_metrics": {
    "r2": 0.03664599731564522,
    "mae": 0.10617993026971817,
    "mse": 0.02525232918560505,
    "rmse": 0.15890981462957235,
    "per_output": {
      "Alanine": {
        "r2": 0.03271746635437012,
        "mae": 0.10507676005363464,
        "rmse": 0.1583009817509261
      },
      "Asparagine": {
        "r2": 0.007033824920654297,
        "mae": 0.10877986997365952,
        "rmse": 0.16159204873196628
      },
      "Aspartic Acid": {
        "r2": 0.014773905277252197,
        "mae": 0.09957050532102585,
        "rmse": 0.15757491928834164
      },
      "Glutamic Acid": {
        "r2": 0.0016806721687316895,
        "mae": 0.11077970266342163,
        "rmse": 0.16407754806353186
      },
      "Histidine": {
        "r2": 0.05425518751144409,
        "mae": 0.11676850914955139,
        "rmse": 0.16488884403969897
      },
      "Glucosamine": {
        "r2": 0.10941535234451294,
        "mae": 0.096104197204113,
        "rmse": 0.1462982202879754
      }
    }
  }
}