{
  "M01": {
    "name": "Ridge/ElasticNet + Softmax",
    "R2": 0.23091446359952292,
    "Adj_R2": 0.13689422687574815,
    "MAE": 0.05330381542444229,
    "RMSE": 0.08047478407855721,
    "MAPE": 84.6556396484375,
    "MaxError": 0.7941794395446777,
    "epochs": 11,
    "training_time": 0.9577264785766602,
    "per_aa": {
      "Alanine": {
        "R2": 0.30175793170928955,
        "MAE": 0.03669324889779091
      },
      "Asparagine": {
        "R2": -0.02372288703918457,
        "MAE": 0.07355880737304688
      },
      "Aspartic Acid": {
        "R2": -0.09602832794189453,
        "MAE": 0.05128508806228638
      },
      "Glutamic Acid": {
        "R2": 0.3674169182777405,
        "MAE": 0.0596783310174942
      },
      "Histidine": {
        "R2": 0.5717751383781433,
        "MAE": 0.04510296508669853
      },
      "Glucosamine": {
        "R2": 0.2642880082130432,
        "MAE": 0.05350444093346596
      }
    }
  },
  "M02": {
    "name": "MCR-ALS (NMF) + PLSR",
    "R2": 0.21892339552642617,
    "Adj_R2": 0.06879438583540165,
    "MAE": 0.050260616445897126,
    "RMSE": 0.0832187989379194,
    "MAPE": 59.55686303446976,
    "MaxError": 0.6606081420538215,
    "epochs": 0,
    "training_time": 14.180851936340332,
    "per_aa": {
      "Alanine": {
        "R2": 0.09099077224777319,
        "MAE": 0.04027070410240946
      },
      "Asparagine": {
        "R2": -0.3727099562428433,
        "MAE": 0.08027880591888699
      },
      "Aspartic Acid": {
        "R2": 0.003908766448681766,
        "MAE": 0.04956232880029872
      },
      "Glutamic Acid": {
        "R2": 0.5893867805728109,
        "MAE": 0.044525694460886965
      },
      "Histidine": {
        "R2": 0.48249461122878157,
        "MAE": 0.051830722243079067
      },
      "Glucosamine": {
        "R2": 0.5194693989033529,
        "MAE": 0.03509544314982157
      }
    }
  },
  "M03": {
    "name": "Two-Stage Hybrid (NNLS + MLP)",
    "R2": 0.6390768311373699,
    "Adj_R2": 0.6083599657022525,
    "MAE": 0.03616029660523001,
    "RMSE": 0.05943467909968134,
    "MAPE": 43.02480719286731,
    "MaxError": 0.6193043441893811,
    "epochs": 0,
    "training_time": 49.375444412231445,
    "per_aa": {
      "Alanine": {
        "R2": 0.6877609658644918,
        "MAE": 0.023925415267422916
      },
      "Asparagine": {
        "R2": 0.6487448684115956,
        "MAE": 0.04905885199332511
      },
      "Aspartic Acid": {
        "R2": 0.6325624110000739,
        "MAE": 0.028617038690141906
      },
      "Glutamic Acid": {
        "R2": 0.7408652957983516,
        "MAE": 0.04149297294323571
      },
      "Histidine": {
        "R2": 0.5538729019888966,
        "MAE": 0.04302873438435302
      },
      "Glucosamine": {
        "R2": 0.57065454376081,
        "MAE": 0.030838766352901444
      }
    }
  },
  "M04": {
    "name": "MLP (Multi-Layer Perceptron)",
    "R2": 0.6097495257854462,
    "Adj_R2": 0.41462428867816925,
    "MAE": 0.03941050171852112,
    "RMSE": 0.05447486000349412,
    "MAPE": 43.0106315612793,
    "MaxError": 0.37059324979782104,
    "epochs": 17,
    "training_time": 15.482034921646118,
    "per_aa": {
      "Alanine": {
        "R2": 0.5098518133163452,
        "MAE": 0.03002803958952427
      },
      "Asparagine": {
        "R2": 0.565032958984375,
        "MAE": 0.06096169725060463
      },
      "Aspartic Acid": {
        "R2": 0.36483198404312134,
        "MAE": 0.041428159922361374
      },
      "Glutamic Acid": {
        "R2": 0.7304638028144836,
        "MAE": 0.04647950828075409
      },
      "Histidine": {
        "R2": 0.8289417624473572,
        "MAE": 0.026783492416143417
      },
      "Glucosamine": {
        "R2": 0.6593748331069946,
        "MAE": 0.03078209049999714
      }
    }
  },
  "M05": {
    "name": "1D ResNet",
    "R2": 0.5767389635245005,
    "Adj_R2": 0.3651084452867507,
    "MAE": 0.04172256588935852,
    "RMSE": 0.06216809125942727,
    "MAPE": 55.216312408447266,
    "MaxError": 0.5662825703620911,
    "epochs": 37,
    "training_time": 75.46199488639832,
    "per_aa": {
      "Alanine": {
        "R2": 0.5751439332962036,
        "MAE": 0.02664833515882492
      },
      "Asparagine": {
        "R2": 0.49017035961151123,
        "MAE": 0.06440971046686172
      },
      "Aspartic Acid": {
        "R2": 0.4241231679916382,
        "MAE": 0.037385035306215286
      },
      "Glutamic Acid": {
        "R2": 0.6685537099838257,
        "MAE": 0.050765104591846466
      },
      "Histidine": {
        "R2": 0.6200931072235107,
        "MAE": 0.039935402572155
      },
      "Glucosamine": {
        "R2": 0.6823495030403137,
        "MAE": 0.031191812828183174
      }
    }
  },
  "M06": {
    "name": "Adaptive Preprocessing Optimizer",
    "R2": 0.592401921749115,
    "Adj_R2": 0.3886028826236725,
    "MAE": 0.04102134332060814,
    "RMSE": 0.05895582228009739,
    "MAPE": 67.24790954589844,
    "MaxError": 0.4808915853500366,
    "epochs": 20,
    "training_time": 10.394673824310303,
    "per_aa": {
      "Alanine": {
        "R2": 0.5720284581184387,
        "MAE": 0.028290582820773125
      },
      "Asparagine": {
        "R2": 0.4437825679779053,
        "MAE": 0.06749547272920609
      },
      "Aspartic Acid": {
        "R2": 0.4854542016983032,
        "MAE": 0.03733910247683525
      },
      "Glutamic Acid": {
        "R2": 0.7305541038513184,
        "MAE": 0.039949674159288406
      },
      "Histidine": {
        "R2": 0.7365641593933105,
        "MAE": 0.036745842546224594
      },
      "Glucosamine": {
        "R2": 0.5860280394554138,
        "MAE": 0.03630739450454712
      }
    }
  },
  "M07": {
    "name": "Spectral Feature Extraction Optimizer",
    "R2": 0.6223213970661163,
    "Adj_R2": 0.4334820955991745,
    "MAE": 0.040383756160736084,
    "RMSE": 0.05690824858936002,
    "MAPE": 49.500125885009766,
    "MaxError": 0.45154255628585815,
    "epochs": 25,
    "training_time": 15.098531007766724,
    "per_aa": {
      "Alanine": {
        "R2": 0.6581771373748779,
        "MAE": 0.02427983283996582
      },
      "Asparagine": {
        "R2": 0.5917450189590454,
        "MAE": 0.060335297137498856
      },
      "Aspartic Acid": {
        "R2": 0.5102872848510742,
        "MAE": 0.03581463173031807
      },
      "Glutamic Acid": {
        "R2": 0.6153360605239868,
        "MAE": 0.05690337345004082
      },
      "Histidine": {
        "R2": 0.75618577003479,
        "MAE": 0.03190628066658974
      },
      "Glucosamine": {
        "R2": 0.6021971106529236,
        "MAE": 0.0330631323158741
      }
    }
  },
  "M08": {
    "name": "Regularization & Multi-task Optimizer",
    "R2": 0.628188560406367,
    "Adj_R2": 0.44228284060955037,
    "MAE": 0.040419016033411026,
    "RMSE": 0.05587066197903588,
    "MAPE": 47.58742141723633,
    "MaxError": 0.4022931456565857,
    "epochs": 16,
    "training_time": 8.02059006690979,
    "per_aa": {
      "Alanine": {
        "R2": 0.6255829334259033,
        "MAE": 0.02628680132329464
      },
      "Asparagine": {
        "R2": 0.5676629543304443,
        "MAE": 0.061594996601343155
      },
      "Aspartic Acid": {
        "R2": 0.5258536338806152,
        "MAE": 0.0340651273727417
      },
      "Glutamic Acid": {
        "R2": 0.6589130163192749,
        "MAE": 0.05318215861916542
      },
      "Histidine": {
        "R2": 0.781190037727356,
        "MAE": 0.034758247435092926
      },
      "Glucosamine": {
        "R2": 0.6099287867546082,
        "MAE": 0.03262675926089287
      }
    }
  },
  "M09": {
    "name": "Hyperparameter & Loss Function Optimizer",
    "R2": 0.5841300586859385,
    "Adj_R2": 0.37619508802890766,
    "MAE": 0.04397106543183327,