{
  "1": {
    "name": "Softmax Regression",
    "metrics": {
      "r2": -0.9727485775947571,
      "mae": 0.08242980390787125,
      "mse": 0.015825776383280754,
      "rmse": 0.1258005420627461,
      "per_output": {
        "Alanine": {
          "r2": -1.7542724609375,
          "mae": 0.09314147382974625,
          "rmse": 0.11646606585411433
        },
        "Asparagine": {
          "r2": -0.4886000156402588,
          "mae": 0.06757354736328125,
          "rmse": 0.07724141602272218
        },
        "Aspartic Acid": {
          "r2": -0.06952941417694092,
          "mae": 0.06718143820762634,
          "rmse": 0.07656000057831235
        },
        "Glutamic Acid": {
          "r2": 0.6648132801055908,
          "mae": 0.03277478739619255,
          "rmse": 0.045766491142488944
        },
        "Histidine": {
          "r2": -3.0987815856933594,
          "mae": 0.1582471877336502,
          "rmse": 0.24671180256295958
        },
        "Glucosamine": {
          "r2": -1.0901210308074951,
          "mae": 0.07566037029027939,
          "rmse": 0.08124871470736886
        }
      }
    },
    "elapsed_s": 15.913617610931396
  },
  "2": {
    "name": "PCA + Ridge Regression",
    "metrics": {
      "r2": -1.5168992280960083,
      "mae": 0.0915205255150795,
      "mse": 0.017946628853678703,
      "rmse": 0.1339650284726529,
      "per_output": {
        "Alanine": {
          "r2": -3.651707649230957,
          "mae": 0.11643856763839722,
          "rmse": 0.15135687516062837
        },
        "Asparagine": {
          "r2": -2.386672019958496,
          "mae": 0.09795951843261719,
          "rmse": 0.11650586170560344
        },
        "Aspartic Acid": {
          "r2": -0.7981389760971069,
          "mae": 0.06727168709039688,
          "rmse": 0.09926980706155086
        },
        "Glutamic Acid": {
          "r2": 0.39123111963272095,
          "mae": 0.04997780919075012,
          "rmse": 0.06167802047711455
        },
        "Histidine": {
          "r2": -2.6635658740997314,
          "mae": 0.1694343239068985,
          "rmse": 0.23324617502882838
        },
        "Glucosamine": {
          "r2": 0.0074579715728759766,
          "mae": 0.04804130271077156,
          "rmse": 0.05598932527697037
        }
      }
    },
    "elapsed_s": 15.906657695770264
  },
  "3": {
    "name": "MCR-ALS (NMF) + PLSR",
    "metrics": {
      "r2": 0.8313446044921875,
      "mae": 0.02522621862590313,
      "mse": 0.001211456605233252,
      "rmse": 0.03480598519268277,
      "per_output": {
        "Alanine": {
          "r2": 0.926688551902771,
          "mae": 0.01639152131974697,
          "rmse": 0.019001236450673437
        },
        "Asparagine": {
          "r2": 0.8366778492927551,
          "mae": 0.018841860815882683,
          "rmse": 0.025584900130652448
        },
        "Aspartic Acid": {
          "r2": 0.9257880449295044,
          "mae": 0.017080331221222878,
          "rmse": 0.020167057972171238
        },
        "Glutamic Acid": {
          "r2": 0.871722936630249,
          "mae": 0.021303266286849976,
          "rmse": 0.028312530969464393
        },
        "Histidine": {
          "r2": 0.7232493162155151,
          "mae": 0.05438937619328499,
          "rmse": 0.06410721230351336
        },
        "Glucosamine": {
          "r2": 0.7039406299591064,
          "mae": 0.02335095964372158,
          "rmse": 0.030578783647744107
        }
      }
    },
    "elapsed_s": 15.435583114624023
  },
  "4": {
    "name": "ANN (MLP)",
    "metrics": {
      "r2": 0.793995201587677,
      "mae": 0.027684418484568596,
      "mse": 0.0010404650820419192,
      "rmse": 0.03225624097817226,
      "per_output": {
        "Alanine": {
          "r2": 0.8048927783966064,
          "mae": 0.025263188406825066,
          "rmse": 0.030997923901845005
        },
        "Asparagine": {
          "r2": 0.7704401016235352,
          "mae": 0.027577346190810204,
          "rmse": 0.03033257196408688
        },
        "Aspartic Acid": {
          "r2": 0.8118211627006531,
          "mae": 0.02851828746497631,
          "rmse": 0.03211374475858979
        },
        "Glutamic Acid": {
          "r2": 0.7746937870979309,
          "mae": 0.0321560800075531,
          "rmse": 0.037522414085288044
        },
        "Histidine": {
          "r2": 0.9430364966392517,
          "mae": 0.023617686703801155,
          "rmse": 0.029084447774089518
        },
        "Glucosamine": {
          "r2": 0.6590873003005981,
          "mae": 0.02897392213344574,
          "rmse": 0.03281348573248555
        }
      }
    },
    "elapsed_s": 119.99270176887512
  },
  "5": {
    "name": "1D CNN",
    "metrics": {
      "r2": -0.2440495491027832,
      "mae": 0.07276841253042221,
      "mse": 0.007552968803793192,
      "rmse": 0.08690781785198148,
      "per_output": {
        "Alanine": {
          "r2": -0.24287617206573486,
          "mae": 0.061569493263959885,
          "rmse": 0.07823658365568403
        },
        "Asparagine": {
          "r2": -0.10150420665740967,
          "mae": 0.05541209504008293,
          "rmse": 0.06644377279431933
        },
        "Aspartic Acid": {
          "r2": 0.027385413646697998,
          "mae": 0.06694625318050385,
          "rmse": 0.07300892560650173
        },
        "Glutamic Acid": {
          "r2": -0.8713487386703491,
          "mae": 0.0890677198767662,
          "rmse": 0.1081388087840103
        },
        "Histidine": {
          "r2": 0.09597522020339966,
          "mae": 0.10208754986524582,
          "rmse": 0.11586511269764874
        },
        "Glucosamine": {
          "r2": -0.37192869186401367,
          "mae": 0.06152733787894249,
          "rmse": 0.06582586069805714
        }
      }
    },
    "elapsed_s": 181.84932923316956
  },
  "6": {
    "name": "Spectral Bond + XGBoost",
    "metrics": {
      "r2": -0.2089323252439499,
      "mae": 0.0713190883398056,
      "mse": 0.007495639380067587,
      "rmse": 0.08657736066702187,
      "per_output": {
        "Alanine": {
          "r2": -0.3793306350708008,
          "mae": 0.06341849267482758,
          "rmse": 0.08241953236292528
        },
        "Asparagine": {
          "r2": -0.09360575675964355,
          "mae": 0.05650106072425842,
          "rmse": 0.06620512334789035
        },
        "Aspartic Acid": {
          "r2": -0.02792203426361084,
          "mae": 0.060723986476659775,
          "rmse": 0.07505604306586451
        },
        "Glutamic Acid": {
          "r2": -0.5125253200531006,
          "mae": 0.08034392446279526,
          "rmse": 0.09721998039945802
        },
        "Histidine": {
          "r2": 0.004651069641113281,
          "mae": 0.10731467604637146,
          "rmse": 0.12157665761692822
        },
        "Glucosamine": {
          "r2": -0.24486124515533447,
          "mae": 0.059612397104501724,
          "rmse": 0.06270342370325002
        }
      }
    },
    "elapsed_s": 27.563530683517456
  },
  "7": {
    "name": "CNN + Bond-Region Attention",
    "metrics": {
      "r2": 0.15092429518699646,
      "mae": 0.061491046100854874,
      "mse": 0.005022611003369093,
      "rmse": 0.07087038170751653,
      "per_output": {
        "Alanine": {
          "r2": 0.14524006843566895,
          "mae": 0.058438241481781006,
          "rmse": 0.06488107445838905
        },
        "Asparagine": {
          "r2": 0.2798255681991577,
          "mae": 0.04764772579073906,
          "rmse": 0.05372544872887348
        },
        "Aspartic Acid": {
          "r2": 0.09962081909179688,
          "mae": 0.06590934097766876,
          "rmse": 0.0702454624876321
        },
        "Glutamic Acid": {
          "r2": 0.04432713985443115,