{
  "1": {
    "name": "Softmax Regression",
    "metrics": {
      "r2": -0.9727485775947571,
      "mae": 0.08242980390787125,
      "mse": 0.015825776383280754,
      "rmse": 0.1258005420627461,
      "per_output": {
        "Alanine": {
          "r2": -1.7542724609375,
          "mae": 0.09314147382974625,
          "rmse": 0.11646606585411433
        },
        "Asparagine": {
          "r2": -0.4886000156402588,
          "mae": 0.06757354736328125,
          "rmse": 0.07724141602272218
        },
        "Aspartic Acid": {
          "r2": -0.06952941417694092,
          "mae": 0.06718143820762634,
          "rmse": 0.07656000057831235
        },
        "Glutamic Acid": {
          "r2": 0.6648132801055908,
          "mae": 0.03277478739619255,
          "rmse": 0.045766491142488944
        },
        "Histidine": {
          "r2": -3.0987815856933594,
          "mae": 0.1582471877336502,
          "rmse": 0.24671180256295958
        },
        "Glucosamine": {
          "r2": -1.0901210308074951,
          "mae": 0.07566037029027939,
          "rmse": 0.08124871470736886
        }
      }
    },
    "elapsed_s": 13.60396122932434
  },
  "2": {
    "name": "PCA + Ridge Regression",
    "metrics": {
      "r2": -1.5168992280960083,
      "mae": 0.0915205255150795,
      "mse": 0.017946628853678703,
      "rmse": 0.1339650284726529,
      "per_output": {
        "Alanine": {
          "r2": -3.651707649230957,
          "mae": 0.11643856763839722,
          "rmse": 0.15135687516062837
        },
        "Asparagine": {
          "r2": -2.386672019958496,
          "mae": 0.09795951843261719,
          "rmse": 0.11650586170560344
        },
        "Aspartic Acid": {
          "r2": -0.7981389760971069,
          "mae": 0.06727168709039688,
          "rmse": 0.09926980706155086
        },
        "Glutamic Acid": {
          "r2": 0.39123111963272095,
          "mae": 0.04997780919075012,
          "rmse": 0.06167802047711455
        },
        "Histidine": {
          "r2": -2.6635658740997314,
          "mae": 0.1694343239068985,
          "rmse": 0.23324617502882838
        },
        "Glucosamine": {
          "r2": 0.0074579715728759766,
          "mae": 0.04804130271077156,
          "rmse": 0.05598932527697037
        }
      }
    },
    "elapsed_s": 13.308063745498657
  },
  "3": {
    "name": "MCR-ALS (NMF) + PLSR",
    "metrics": {
      "r2": 0.8313446044921875,
      "mae": 0.02522621862590313,
      "mse": 0.001211456605233252,
      "rmse": 0.03480598519268277,
      "per_output": {
        "Alanine": {
          "r2": 0.926688551902771,
          "mae": 0.01639152131974697,
          "rmse": 0.019001236450673437
        },
        "Asparagine": {
          "r2": 0.8366778492927551,
          "mae": 0.018841860815882683,
          "rmse": 0.025584900130652448
        },
        "Aspartic Acid": {
          "r2": 0.9257880449295044,
          "mae": 0.017080331221222878,
          "rmse": 0.020167057972171238
        },
        "Glutamic Acid": {
          "r2": 0.871722936630249,
          "mae": 0.021303266286849976,
          "rmse": 0.028312530969464393
        },
        "Histidine": {
          "r2": 0.7232493162155151,
          "mae": 0.05438937619328499,
          "rmse": 0.06410721230351336
        },
        "Glucosamine": {
          "r2": 0.7039406299591064,
          "mae": 0.02335095964372158,
          "rmse": 0.030578783647744107
        }
      }
    },
    "elapsed_s": 14.46190881729126
  },
  "4": {
    "name": "ANN (MLP)",
    "metrics": {
      "r2": 0.7954933047294617,
      "mae": 0.02863193117082119,
      "mse": 0.001067506498657167,
      "rmse": 0.032672717956380166,
      "per_output": {
        "Alanine": {
          "r2": 0.7017467021942139,
          "mae": 0.03158725053071976,
          "rmse": 0.03832556612951015
        },
        "Asparagine": {
          "r2": 0.7209241986274719,
          "mae": 0.030086254701018333,
          "rmse": 0.0334443139771694
        },
        "Aspartic Acid": {
          "r2": 0.7786099314689636,
          "mae": 0.03273535147309303,
          "rmse": 0.03483249850696081
        },
        "Glutamic Acid": {
          "r2": 0.8225399255752563,
          "mae": 0.030399510636925697,
          "rmse": 0.03330079257662852
        },
        "Histidine": {
          "r2": 0.9398617148399353,
          "mae": 0.027520230039954185,
          "rmse": 0.029883959536260815
        },
        "Glucosamine": {
          "r2": 0.8092771172523499,
          "mae": 0.01946299336850643,
          "rmse": 0.024543257053857917
        }
      }
    },
    "elapsed_s": 118.81269025802612
  },
  "5": {
    "name": "1D CNN",
    "metrics": {
      "r2": -0.25322481989860535,
      "mae": 0.07420375943183899,
      "mse": 0.00782717950642109,
      "rmse": 0.08847134850572297,
      "per_output": {
        "Alanine": {
          "r2": -0.352372407913208,
          "mae": 0.06344044953584671,
          "rmse": 0.08161013515267383
        },
        "Asparagine": {
          "r2": -0.2855886220932007,
          "mae": 0.062317948788404465,
          "rmse": 0.0717814470273072
        },
        "Aspartic Acid": {
          "r2": -0.0781095027923584,
          "mae": 0.07363758236169815,
          "rmse": 0.07686647968836764
        },
        "Glutamic Acid": {
          "r2": -0.7702349424362183,
          "mae": 0.085685133934021,
          "rmse": 0.10517672889870516
        },
        "Histidine": {
          "r2": -0.005731463432312012,
          "mae": 0.10680881887674332,
          "rmse": 0.12220910002749952
        },
        "Glucosamine": {
          "r2": -0.02731192111968994,
          "mae": 0.0533326119184494,
          "rmse": 0.05696157051059603
        }
      }
    },
    "elapsed_s": 142.21526193618774
  },
  "6": {
    "name": "Spectral Bond + XGBoost",
    "metrics": {
      "r2": -0.2089323252439499,
      "mae": 0.0713190883398056,
      "mse": 0.007495639380067587,
      "rmse": 0.08657736066702187,
      "per_output": {
        "Alanine": {
          "r2": -0.3793306350708008,
          "mae": 0.06341849267482758,
          "rmse": 0.08241953236292528
        },
        "Asparagine": {
          "r2": -0.09360575675964355,
          "mae": 0.05650106072425842,
          "rmse": 0.06620512334789035
        },
        "Aspartic Acid": {
          "r2": -0.02792203426361084,
          "mae": 0.060723986476659775,
          "rmse": 0.07505604306586451
        },
        "Glutamic Acid": {
          "r2": -0.5125253200531006,
          "mae": 0.08034392446279526,
          "rmse": 0.09721998039945802
        },
        "Histidine": {
          "r2": 0.004651069641113281,
          "mae": 0.10731467604637146,
          "rmse": 0.12157665761692822
        },
        "Glucosamine": {
          "r2": -0.24486124515533447,
          "mae": 0.059612397104501724,
          "rmse": 0.06270342370325002
        }
      }
    },
    "elapsed_s": 19.99294948577881
  },
  "7": {
    "name": "CNN + Bond-Region Attention",
    "metrics": {
      "r2": 0.32532286643981934,
      "mae": 0.05267493054270744,
      "mse": 0.003924717660993338,
      "rmse": 0.06264756707960284,
      "per_output": {
        "Alanine": {
          "r2": 0.3011443614959717,
          "mae": 0.05153260752558708,
          "rmse": 0.058666432521276166
        },
        "Asparagine": {
          "r2": 0.46652644872665405,
          "mae": 0.03936534747481346,
          "rmse": 0.04623997969189671
        },
        "Aspartic Acid": {
          "r2": 0.5267598628997803,
          "mae": 0.045720990747213364,
          "rmse": 0.05092679541317487
        },
        "Glutamic Acid": {
          "r2": -0.06762969493865967,