{
  "6": {
    "spectral_entropy": 5.944046417872111,
    "amide_I_III_ratio": 0.0,
    "amide_I_position": 1630.115966796875,
    "carboxylate_ratio": 0.0,
    "amine_ratio": 0.0035558880578416088,
    "CN_CC_ratio": 0.3067311147848765,
    "crystallinity_proxy": 0.005395633711790045,
    "aromaticity": 0.0035558880578416088,
    "pH_score": 5.33512394702683,
    "polarity": 0.6429376448194186,
    "hydrophilicity": 0.6753111100445192,
    "estimated_MW": 138.19214511461556,
    "estimated_pI": 5.33512394702683,
    "bond_strength": 56.42555236816406
  },
  "7": {
    "spectral_entropy": 5.944046417872111,
    "amide_I_III_ratio": 0.0,
    "amide_I_position": 1630.115966796875,
    "carboxylate_ratio": 0.0,
    "amine_ratio": 0.0035558880578416088,
    "CN_CC_ratio": 0.3067311147848765,
    "crystallinity_proxy": 0.005395633711790045,
    "aromaticity": 0.0035558880578416088,
    "pH_score": 5.318546178781737,
    "polarity": 0.6531009800111254,
    "hydrophilicity": 0.6888336838533481,
    "estimated_MW": 139.71763904031988,
    "estimated_pI": 5.318546178781737,
    "bond_strength": 56.42555236816406
  },
  "8": {
    "spectral_entropy": 5.944046417872111,
    "amide_I_III_ratio": 0.0,
    "amide_I_position": 1630.115966796875,
    "carboxylate_ratio": 0.0,
    "amine_ratio": 0.0035558880578416088,
    "CN_CC_ratio": 0.3067311147848765,
    "crystallinity_proxy": 0.005395633711790045,
    "aromaticity": 0.0035558880578416088,
    "pH_score": 5.379431367094319,
    "polarity": 0.6435008499150475,
    "hydrophilicity": 0.6750206928079328,
    "estimated_MW": 138.91298978189008,
    "estimated_pI": 5.379431367094319,
    "bond_strength": 56.42555236816406
  },
  "9": {
    "spectral_entropy": 5.944046417872111,
    "amide_I_III_ratio": 0.0,
    "amide_I_position": 1630.115966796875,
    "carboxylate_ratio": 0.0,
    "amine_ratio": 0.0035558880578416088,
    "CN_CC_ratio": 0.3067311147848765,
    "crystallinity_proxy": 0.005395633711790045,
    "aromaticity": 0.0035558880578416088,
    "pH_score": 5.395842773014059,
    "polarity": 0.6426580084487796,
    "hydrophilicity": 0.6735586110502481,
    "estimated_MW": 139.50478467455136,
    "estimated_pI": 5.395842773014059,
    "bond_strength": 56.42555236816406
  },
  "10": {
    "spectral_entropy": 5.944046417872111,
    "amide_I_III_ratio": 0.0,
    "amide_I_position": 1630.115966796875,
    "carboxylate_ratio": 0.0,
    "amine_ratio": 0.0035558880578416088,
    "CN_CC_ratio": 0.3067311147848765,
    "crystallinity_proxy": 0.005395633711790045,
    "aromaticity": 0.0035558880578416088,
    "pH_score": 5.2703133618893725,
    "polarity": 0.6476084914058448,
    "hydrophilicity": 0.6840092313165466,
    "estimated_MW": 138.44144519008697,
    "estimated_pI": 5.2703133618893725,
    "bond_strength": 56.42555236816406
  }
}