{
  "model_id": 2,
  "metrics": {
    "r2": -1.5168992280960083,
    "mae": 0.0915205255150795,
    "mse": 0.017946628853678703,
    "rmse": 0.1339650284726529,
    "per_output": {
      "Alanine": {
        "r2": -3.651707649230957,
        "mae": 0.11643856763839722,
        "rmse": 0.15135687516062837
      },
      "Asparagine": {
        "r2": -2.386672019958496,
        "mae": 0.09795951843261719,
        "rmse": 0.11650586170560344
      },
      "Aspartic Acid": {
        "r2": -0.7981389760971069,
        "mae": 0.06727168709039688,
        "rmse": 0.09926980706155086
      },
      "Glutamic Acid": {
        "r2": 0.39123111963272095,
        "mae": 0.04997780919075012,
        "rmse": 0.06167802047711455
      },
      "Histidine": {
        "r2": -2.6635658740997314,
        "mae": 0.1694343239068985,
        "rmse": 0.23324617502882838
      },
      "Glucosamine": {
        "r2": 0.0074579715728759766,
        "mae": 0.04804130271077156,
        "rmse": 0.05598932527697037
      }
    }
  },
  "name": "PCA + Ridge",
  "elapsed_s": 1.4267911911010742,
  "train_metrics": {
    "r2": 0.9650957584381104,
    "mae": 0.01891319639980793,
    "mse": 0.0009165623341687024,
    "rmse": 0.030274780497448736,
    "per_output": {
      "Alanine": {
        "r2": 0.9478240013122559,
        "mae": 0.023284533992409706,
        "rmse": 0.03676566673721055
      },
      "Asparagine": {
        "r2": 0.958799421787262,
        "mae": 0.022296756505966187,
        "rmse": 0.032915798787390975
      },
      "Aspartic Acid": {
        "r2": 0.979400634765625,
        "mae": 0.015821103006601334,
        "rmse": 0.022784846680276326
      },
      "Glutamic Acid": {
        "r2": 0.9794875979423523,
        "mae": 0.014409246854484081,
        "rmse": 0.023519194797757027
      },
      "Histidine": {
        "r2": 0.9595023989677429,
        "mae": 0.020638473331928253,
        "rmse": 0.034120767763236845
      },
      "Glucosamine": {
        "r2": 0.965560257434845,
        "mae": 0.01702907495200634,
        "rmse": 0.028769447311322943
      }
    }
  }
}