{
  "model": 2,
  "name": "MCR-ALS (NMF) + PLSR",
  "R2": 0.21892339552642617,
  "Adj_R2": 0.06879438583540165,
  "MAE": 0.050260616445897126,
  "MSE": 0.006925368496669856,
  "RMSE": 0.0832187989379194,
  "MAPE": 59.55686303446976,
  "RMSLE": 0.0642964892589298,
  "MaxError": 0.6606081420538215,
  "per_aa": {
    "Alanine": {
      "R2": 0.09099077224777319,
      "MAE": 0.04027070410240946
    },
    "Asparagine": {
      "R2": -0.3727099562428433,
      "MAE": 0.08027880591888699
    },
    "Aspartic Acid": {
      "R2": 0.003908766448681766,
      "MAE": 0.04956232880029872
    },
    "Glutamic Acid": {
      "R2": 0.5893867805728109,
      "MAE": 0.044525694460886965
    },
    "Histidine": {
      "R2": 0.48249461122878157,
      "MAE": 0.051830722243079067
    },
    "Glucosamine": {
      "R2": 0.5194693989033529,
      "MAE": 0.03509544314982157
    }
  },
  "best_n_lv": 15,
  "nmf_k": 8,
  "epochs": 0,
  "training_time": 14.180851936340332
}