{
  "model_id": 4,
  "metrics": {
    "r2": 0.7954933047294617,
    "mae": 0.02863193117082119,
    "mse": 0.001067506498657167,
    "rmse": 0.032672717956380166,
    "per_output": {
      "Alanine": {
        "r2": 0.7017467021942139,
        "mae": 0.03158725053071976,
        "rmse": 0.03832556612951015
      },
      "Asparagine": {
        "r2": 0.7209241986274719,
        "mae": 0.030086254701018333,
        "rmse": 0.0334443139771694
      },
      "Aspartic Acid": {
        "r2": 0.7786099314689636,
        "mae": 0.03273535147309303,
        "rmse": 0.03483249850696081
      },
      "Glutamic Acid": {
        "r2": 0.8225399255752563,
        "mae": 0.030399510636925697,
        "rmse": 0.03330079257662852
      },
      "Histidine": {
        "r2": 0.9398617148399353,
        "mae": 0.027520230039954185,
        "rmse": 0.029883959536260815
      },
      "Glucosamine": {
        "r2": 0.8092771172523499,
        "mae": 0.01946299336850643,
        "rmse": 0.024543257053857917
      }
    }
  },
  "name": "ANN (MLP)",
  "elapsed_s": 98.14406299591064,
  "train_metrics": {
    "r2": 0.9806416630744934,
    "mae": 0.01768115535378456,
    "mse": 0.000505246571265161,
    "rmse": 0.022477690523386985,
    "per_output": {
      "Alanine": {
        "r2": 0.9802007675170898,
        "mae": 0.0180683396756649,
        "rmse": 0.022648079658848023
      },
      "Asparagine": {
        "r2": 0.9795460104942322,
        "mae": 0.019023828208446503,
        "rmse": 0.023192201133719007
      },
      "Aspartic Acid": {
        "r2": 0.9724155068397522,
        "mae": 0.01843355782330036,
        "rmse": 0.02636644132759252
      },
      "Glutamic Acid": {
        "r2": 0.979828417301178,
        "mae": 0.018666772171854973,
        "rmse": 0.023322994193403918
      },
      "Histidine": {
        "r2": 0.9861682057380676,
        "mae": 0.01677931472659111,
        "rmse": 0.019940838016405865
      },
      "Glucosamine": {
        "r2": 0.985691249370575,
        "mae": 0.015115116722881794,
        "rmse": 0.018543933587962275
      }
    }
  }
}