{
  "model_id": 4,
  "metrics": {
    "r2": 0.793995201587677,
    "mae": 0.027684418484568596,
    "mse": 0.0010404650820419192,
    "rmse": 0.03225624097817226,
    "per_output": {
      "Alanine": {
        "r2": 0.8048927783966064,
        "mae": 0.025263188406825066,
        "rmse": 0.030997923901845005
      },
      "Asparagine": {
        "r2": 0.7704401016235352,
        "mae": 0.027577346190810204,
        "rmse": 0.03033257196408688
      },
      "Aspartic Acid": {
        "r2": 0.8118211627006531,
        "mae": 0.02851828746497631,
        "rmse": 0.03211374475858979
      },
      "Glutamic Acid": {
        "r2": 0.7746937870979309,
        "mae": 0.0321560800075531,
        "rmse": 0.037522414085288044
      },
      "Histidine": {
        "r2": 0.9430364966392517,
        "mae": 0.023617686703801155,
        "rmse": 0.029084447774089518
      },
      "Glucosamine": {
        "r2": 0.6590873003005981,
        "mae": 0.02897392213344574,
        "rmse": 0.03281348573248555
      }
    }
  },
  "name": "ANN (MLP)",
  "elapsed_s": 97.94539093971252,
  "train_metrics": {
    "r2": 0.982705295085907,
    "mae": 0.016360970214009285,
    "mse": 0.0004513134772423655,
    "rmse": 0.021244139832960182,
    "per_output": {
      "Alanine": {
        "r2": 0.9834035038948059,
        "mae": 0.017190786078572273,
        "rmse": 0.02073553782445755
      },
      "Asparagine": {
        "r2": 0.9887575507164001,
        "mae": 0.014583001844584942,
        "rmse": 0.017194232414587403
      },
      "Aspartic Acid": {
        "r2": 0.9761441349983215,
        "mae": 0.016807472333312035,
        "rmse": 0.024519783237885943
      },
      "Glutamic Acid": {
        "r2": 0.9840127229690552,
        "mae": 0.016880672425031662,
        "rmse": 0.020763543342385914
      },
      "Histidine": {
        "r2": 0.9824650883674622,
        "mae": 0.017400970682501793,
        "rmse": 0.022452044281305834
      },
      "Glucosamine": {
        "r2": 0.9814487099647522,
        "mae": 0.015302921645343304,
        "rmse": 0.021114876248644162
      }
    }
  }
}