{
  "model": 4,
  "name": "MLP (Multi-Layer Perceptron)",
  "R2": 0.6097495257854462,
  "Adj_R2": 0.41462428867816925,
  "MAE": 0.03941050171852112,
  "MSE": 0.002967510372400284,
  "RMSE": 0.05447486000349412,
  "MAPE": 43.0106315612793,
  "RMSLE": 0.04347088932991028,
  "MaxError": 0.37059324979782104,
  "per_aa": {
    "Alanine": {
      "R2": 0.5098518133163452,
      "MAE": 0.03002803958952427
    },
    "Asparagine": {
      "R2": 0.565032958984375,
      "MAE": 0.06096169725060463
    },
    "Aspartic Acid": {
      "R2": 0.36483198404312134,
      "MAE": 0.041428159922361374
    },
    "Glutamic Acid": {
      "R2": 0.7304638028144836,
      "MAE": 0.04647950828075409
    },
    "Histidine": {
      "R2": 0.8289417624473572,
      "MAE": 0.026783492416143417
    },
    "Glucosamine": {
      "R2": 0.6593748331069946,
      "MAE": 0.03078209049999714
    }
  },
  "epochs": 17,
  "training_time": 15.482034921646118
}