{
  "model_id": 6,
  "metrics": {
    "r2": -0.2089323252439499,
    "mae": 0.0713190883398056,
    "mse": 0.007495639380067587,
    "rmse": 0.08657736066702187,
    "per_output": {
      "Alanine": {
        "r2": -0.3793306350708008,
        "mae": 0.06341849267482758,
        "rmse": 0.08241953236292528
      },
      "Asparagine": {
        "r2": -0.09360575675964355,
        "mae": 0.05650106072425842,
        "rmse": 0.06620512334789035
      },
      "Aspartic Acid": {
        "r2": -0.02792203426361084,
        "mae": 0.060723986476659775,
        "rmse": 0.07505604306586451
      },
      "Glutamic Acid": {
        "r2": -0.5125253200531006,
        "mae": 0.08034392446279526,
        "rmse": 0.09721998039945802
      },
      "Histidine": {
        "r2": 0.004651069641113281,
        "mae": 0.10731467604637146,
        "rmse": 0.12157665761692822
      },
      "Glucosamine": {
        "r2": -0.24486124515533447,
        "mae": 0.059612397104501724,
        "rmse": 0.06270342370325002
      }
    }
  },
  "name": "Bond+XGBoost",
  "elapsed_s": 3.2569258213043213,
  "top5": [
    "C=C/C=N_peak_pos",
    "N-H/C-H_area",
    "C-H bend_skew",
    "N-H/C-H_peak_pos",
    "C-O/C-N+_area"
  ],
  "train_metrics": {
    "r2": -0.005509654525667429,
    "mae": 0.10845893621444702,
    "mse": 0.026319460943341255,
    "rmse": 0.16223273696557441,
    "per_output": {
      "Alanine": {
        "r2": 0.0002396702766418457,
        "mae": 0.10872410982847214,
        "rmse": 0.16093662340425438
      },
      "Asparagine": {
        "r2": -0.004579305648803711,
        "mae": 0.10809069126844406,
        "rmse": 0.16253424315766918
      },
      "Aspartic Acid": {
        "r2": -0.03459572792053223,
        "mae": 0.1072513684630394,
        "rmse": 0.16147469173645004
      },
      "Glutamic Acid": {
        "r2": -0.00016129016876220703,
        "mae": 0.1093134880065918,
        "rmse": 0.16422883752279926
      },
      "Histidine": {
        "r2": 0.017400085926055908,
        "mae": 0.11982450634241104,
        "rmse": 0.16807094503565712
      },
      "Glucosamine": {
        "r2": -0.011361122131347656,
        "mae": 0.09754941612482071,
        "rmse": 0.15590303163347294
      }
    }
  }
}