{
  "model": 6,
  "name": "Adaptive Preprocessing Optimizer",
  "R2": 0.592401921749115,
  "Adj_R2": 0.3886028826236725,
  "MAE": 0.04102134332060814,
  "MSE": 0.0034757889807224274,
  "RMSE": 0.05895582228009739,
  "MAPE": 67.24790954589844,
  "RMSLE": 0.04719198867678642,
  "MaxError": 0.4808915853500366,
  "per_aa": {
    "Alanine": {
      "R2": 0.5720284581184387,
      "MAE": 0.028290582820773125
    },
    "Asparagine": {
      "R2": 0.4437825679779053,
      "MAE": 0.06749547272920609
    },
    "Aspartic Acid": {
      "R2": 0.4854542016983032,
      "MAE": 0.03733910247683525
    },
    "Glutamic Acid": {
      "R2": 0.7305541038513184,
      "MAE": 0.039949674159288406
    },
    "Histidine": {
      "R2": 0.7365641593933105,
      "MAE": 0.036745842546224594
    },
    "Glucosamine": {
      "R2": 0.5860280394554138,
      "MAE": 0.03630739450454712
    }
  },
  "epochs": 20,
  "training_time": 10.394673824310303
}