{
  "per_sample": {
    "L-histidine": {
      "spectral_entropy": 5.966320991516113,
      "amide_I_III_ratio": 0.0,
      "amide_I_position": 1630.115966796875,
      "carboxylate_ratio": 0.0,
      "amine_ratio": 0.010285915806889534,
      "CN_CC_ratio": 0.3848697245121002,
      "crystallinity_proxy": 0.004068249836564064,
      "aromaticity": 0.010285915806889534,
      "dominant_region": "C-O carboxyl + O-H bending",
      "top3_regions": [
        "C-O carboxyl + O-H bending",
        "C-C aliphatic + C-N amine + C-O alcohol/ether + C-H sp2 overtone",
        "Low-frequency lattice/skeletal"
      ],
      "pH_score": 6.486326903775335,
      "polarity": 0.6281705930829048,
      "hydrophilicity": 0.6096444256603718,
      "estimated_MW": 146.63280965313317,
      "estimated_pI": 6.486326903775335,
      "bond_strength": 43.20267868041992
    },
    "a07": {
      "spectral_entropy": 6.018711566925049,
      "amide_I_III_ratio": 0.0,
      "amide_I_position": 1630.115966796875,
      "carboxylate_ratio": 0.0,
      "amine_ratio": 0.004521501250565052,
      "CN_CC_ratio": 0.3874962031841278,
      "crystallinity_proxy": 0.004131187219172716,
      "aromaticity": 0.004521501250565052,
      "dominant_region": "C-C aliphatic + C-N amine + C-O alcohol/ether + C-H sp2 overtone",
      "top3_regions": [
        "C-C aliphatic + C-N amine + C-O alcohol/ether + C-H sp2 overtone",
        "C-O carboxyl + O-H bending",
        "Skeletal C-C/C-N stretch (low)"
      ],
      "pH_score": 5.598284837156534,
      "polarity": 0.663196823745966,
      "hydrophilicity": 0.6930154256522656,
      "estimated_MW": 142.8913621801883,
      "estimated_pI": 5.598284837156534,
      "bond_strength": 54.794761657714844
    },
    "a14": {
      "spectral_entropy": 5.983961582183838,
      "amide_I_III_ratio": 0.0,
      "amide_I_position": 1630.115966796875,
      "carboxylate_ratio": 0.0,
      "amine_ratio": 0.0003884331090375781,
      "CN_CC_ratio": 0.2628989517688751,
      "crystallinity_proxy": 0.004194717388600111,
      "aromaticity": 0.0003884331090375781,
      "dominant_region": "C-C aliphatic + C-N amine + C-O alcohol/ether + C-H sp2 overtone",
      "top3_regions": [
        "C-C aliphatic + C-N amine + C-O alcohol/ether + C-H sp2 overtone",
        "C-O carboxyl + O-H bending",
        "C-H sp3 deformation + O-H carboxylic bending"
      ],
      "pH_score": 4.877821052074432,
      "polarity": 0.6594183027744294,
      "hydrophilicity": 0.7172326385974885,
      "estimated_MW": 138.05078444615006,
      "estimated_pI": 4.877821052074432,
      "bond_strength": 60.402931213378906
    },
    "a39": {
      "spectral_entropy": 6.006960868835449,
      "amide_I_III_ratio": 0.0,
      "amide_I_position": 1630.115966796875,
      "carboxylate_ratio": 0.0,
      "amine_ratio": 0.001968455035239458,
      "CN_CC_ratio": 0.27516844868659973,
      "crystallinity_proxy": 0.004129825159907341,
      "aromaticity": 0.001968455035239458,
      "dominant_region": "C-C aliphatic + C-N amine + C-O alcohol/ether + C-H sp2 overtone",
      "top3_regions": [
        "C-C aliphatic + C-N amine + C-O alcohol/ether + C-H sp2 overtone",
        "C-O carboxyl + O-H bending",
        "C-H sp3 deformation + O-H carboxylic bending"
      ],
      "pH_score": 5.0954472443461425,
      "polarity": 0.6263220176100731,
      "hydrophilicity": 0.6585697248578071,
      "estimated_MW": 133.2137616430223,
      "estimated_pI": 5.0954472443461425,
      "bond_strength": 58.899383544921875
    },
    "a43": {
      "spectral_entropy": 5.672041893005371,
      "amide_I_III_ratio": 0.0,
      "amide_I_position": 1630.115966796875,
      "carboxylate_ratio": 0.0,
      "amine_ratio": 0.0010303775779902935,
      "CN_CC_ratio": 0.2087089717388153,
      "crystallinity_proxy": 0.011689665727317333,
      "aromaticity": 0.0010303775779902935,
      "dominant_region": "C-C aliphatic + C-N amine + C-O alcohol/ether + C-H sp2 overtone",
      "top3_regions": [
        "C-C aliphatic + C-N amine + C-O alcohol/ether + C-H sp2 overtone",
        "C-H sp3 deformation + O-H carboxylic bending",
        "C-O carboxyl + O-H bending"
      ],
      "pH_score": 4.526455124542117,
      "polarity": 0.6774185702204705,
      "hydrophilicity": 0.7474883623421191,
      "estimated_MW": 137.03000094413756,
      "estimated_pI": 4.526455124542117,
      "bond_strength": 62.76177978515625
    },
    "a44": {
      "spectral_entropy": 6.016281604766846,
      "amide_I_III_ratio": 0.0,
      "amide_I_position": 1630.115966796875,
      "carboxylate_ratio": 0.0,
      "amine_ratio": 0.003140645567327738,
      "CN_CC_ratio": 0.32124438881874084,
      "crystallinity_proxy": 0.004160156939178705,
      "aromaticity": 0.003140645567327738,
      "dominant_region": "C-C aliphatic + C-N amine + C-O alcohol/ether + C-H sp2 overtone",
      "top3_regions": [
        "C-C aliphatic + C-N amine + C-O alcohol/ether + C-H sp2 overtone",
        "C-O carboxyl + O-H bending",
        "C-H sp3 deformation + O-H carboxylic bending"
      ],
      "pH_score": 5.426408520266413,
      "polarity": 0.603099561482668,
      "hydrophilicity": 0.6259160831570625,
      "estimated_MW": 131.33415182106197,
      "estimated_pI": 5.426408520266413,
      "bond_strength": 58.49177932739258
    }
  },
  "average": {
    "spectral_entropy": 5.944046417872111,
    "amide_I_III_ratio": 0.0,
    "amide_I_position": 1630.115966796875,
    "carboxylate_ratio": 0.0,
    "amine_ratio": 0.0035558880578416088,
    "CN_CC_ratio": 0.3067311147848765,
    "crystallinity_proxy": 0.005395633711790045,
    "aromaticity": 0.0035558880578416088,
    "pH_score": 5.33512394702683,
    "polarity": 0.6429376448194186,
    "hydrophilicity": 0.6753111100445192,
    "estimated_MW": 138.19214511461556,
    "estimated_pI": 5.33512394702683,
    "bond_strength": 56.42555236816406
  }
}