{
  "model_id": 7,
  "metrics": {
    "r2": 0.15092429518699646,
    "mae": 0.061491046100854874,
    "mse": 0.005022611003369093,
    "rmse": 0.07087038170751653,
    "per_output": {
      "Alanine": {
        "r2": 0.14524006843566895,
        "mae": 0.058438241481781006,
        "rmse": 0.06488107445838905
      },
      "Asparagine": {
        "r2": 0.2798255681991577,
        "mae": 0.04764772579073906,
        "rmse": 0.05372544872887348
      },
      "Aspartic Acid": {
        "r2": 0.09962081909179688,
        "mae": 0.06590934097766876,
        "rmse": 0.0702454624876321
      },
      "Glutamic Acid": {
        "r2": 0.04432713985443115,
        "mae": 0.0626191720366478,
        "rmse": 0.07727852549244939
      },
      "Histidine": {
        "r2": 0.4115888476371765,
        "mae": 0.08265701681375504,
        "rmse": 0.09347661210858646
      },
      "Glucosamine": {
        "r2": -0.07505667209625244,
        "mae": 0.051674772053956985,
        "rmse": 0.05827019486583573
      }
    }
  },
  "name": "CNN+Bond Attention",
  "elapsed_s": 372.187949180603,
  "mean_attention": {
    "C-C-C": 0.12119853496551514,
    "C-S/C-Cl": 0.04537928104400635,
    "C-C-N": 0.13819438219070435,
    "C-C": 0.02907082438468933,
    "C-N": 0.13096632063388824,
    "C-O/C-N+": 0.0807667151093483,
    "C-H bend": 0.01223974023014307,
    "N-H/C-H": 0.15110988914966583,
    "COO-": 0.06196846067905426,
    "CH2/CH3": 0.01095846388489008,
    "NH3+/NH2": 0.01724739372730255,
    "C=C/C=N": 0.10138294845819473,
    "C=O": 0.0995170846581459
  },
  "train_metrics": {
    "r2": 0.6133421659469604,
    "mae": 0.07113411277532578,
    "mse": 0.01013199333101511,
    "rmse": 0.1006578031302845,
    "per_output": {
      "Alanine": {
        "r2": 0.6789159774780273,
        "mae": 0.07210712879896164,
        "rmse": 0.09120450231980304
      },
      "Asparagine": {
        "r2": 0.6204173564910889,
        "mae": 0.06837606430053711,
        "rmse": 0.09990930281310129
      },
      "Aspartic Acid": {
        "r2": 0.5601999759674072,
        "mae": 0.07287582010030746,
        "rmse": 0.10528021314681646
      },
      "Glutamic Acid": {
        "r2": 0.6240787506103516,
        "mae": 0.0725819543004036,
        "rmse": 0.10068455740969758
      },
      "Histidine": {
        "r2": 0.5845842957496643,
        "mae": 0.07729875296354294,
        "rmse": 0.1092812741129311
      },
      "Glucosamine": {
        "r2": 0.611856997013092,
        "mae": 0.06356499344110489,
        "rmse": 0.09658224802021814
      }
    }
  }
}