{
  "model_id": 7,
  "metrics": {
    "r2": 0.32532286643981934,
    "mae": 0.05267493054270744,
    "mse": 0.003924717660993338,
    "rmse": 0.06264756707960284,
    "per_output": {
      "Alanine": {
        "r2": 0.3011443614959717,
        "mae": 0.05153260752558708,
        "rmse": 0.058666432521276166
      },
      "Asparagine": {
        "r2": 0.46652644872665405,
        "mae": 0.03936534747481346,
        "rmse": 0.04623997969189671
      },
      "Aspartic Acid": {
        "r2": 0.5267598628997803,
        "mae": 0.045720990747213364,
        "rmse": 0.05092679541317487
      },
      "Glutamic Acid": {
        "r2": -0.06762969493865967,
        "mae": 0.07046773284673691,
        "rmse": 0.08167977193046304
      },
      "Histidine": {
        "r2": 0.5999844670295715,
        "mae": 0.0628603994846344,
        "rmse": 0.07707276737713643
      },
      "Glucosamine": {
        "r2": 0.12515169382095337,
        "mae": 0.046102479100227356,
        "rmse": 0.05256505778654514
      }
    }
  },
  "name": "CNN+Bond Attention",
  "elapsed_s": 377.7452895641327,
  "mean_attention": {
    "C-C-C": 0.020677806809544563,
    "C-S/C-Cl": 0.10198851674795151,
    "C-C-N": 0.11878371983766556,
    "C-C": 0.09851387143135071,
    "C-N": 0.08930134773254395,
    "C-O/C-N+": 0.0756334736943245,
    "C-H bend": 0.05564877763390541,
    "N-H/C-H": 0.07803963869810104,
    "COO-": 0.016362806782126427,
    "CH2/CH3": 0.08715518563985825,
    "NH3+/NH2": 0.15266232192516327,
    "C=C/C=N": 0.023106517270207405,
    "C=O": 0.08212601393461227
  },
  "train_metrics": {
    "r2": 0.703105628490448,
    "mae": 0.061142683029174805,
    "mse": 0.007762162480503321,
    "rmse": 0.08810313547487014,
    "per_output": {
      "Alanine": {
        "r2": 0.701156497001648,
        "mae": 0.06794389337301254,
        "rmse": 0.08798909499186916
      },
      "Asparagine": {
        "r2": 0.7290980219841003,
        "mae": 0.059507910162210464,
        "rmse": 0.08440318861938523
      },
      "Aspartic Acid": {
        "r2": 0.8099693059921265,
        "mae": 0.05270235612988472,
        "rmse": 0.06920397316052683
      },
      "Glutamic Acid": {
        "r2": 0.6773635149002075,
        "mae": 0.0631038099527359,
        "rmse": 0.09327626239758943
      },
      "Histidine": {
        "r2": 0.6989426612854004,
        "mae": 0.06465797871351242,
        "rmse": 0.09303126397163201
      },
      "Glucosamine": {
        "r2": 0.6021036505699158,
        "mae": 0.05894014239311218,
        "rmse": 0.09778819230781918
      }
    }
  }
}