{
  "model": 7,
  "profile": {
    "pH_score": 0.07311446851772754,
    "pH_label": "trung t\u00ednh",
    "polarity": 0.47748059336459026,
    "hydrophilicity": 0.4352666193897883,
    "hydrophobicity": 0.5647333806102117,
    "bond_strength": 0.6679107793969462,
    "aromaticity": 0.08641022176131886,
    "amide_I_III_ratio": 2.2438896468584395,
    "amide_I_pos_cm": 1319.7781728108723,
    "secondary_structure": "mixed",
    "aliphatic_index": 0.23895399174599483,
    "carboxylate_ratio": 0.07488993494533484,
    "amine_ratio": 0.1506420398510521,
    "CN_CC_ratio": 0.42371721567524184,
    "crystallinity_proxy": 2.0841543898293153,
    "spectral_entropy": 5.809639195601146,
    "dominant_bond": "C-S/C-Cl",
    "top3_bonds": [
      "C-C-N",
      "C-N",
      "N-H/C-H"
    ],
    "estimated_pI": 5.219208390983694,
    "estimated_mw": 142.34167809788758,
    "estimated_hydrophobicity": -2.4254289973963754,
    "bond_intensities": {
      "C-H bend": 0.37068091006949544,
      "C=O": 0.34666381498535276,
      "C-N": 0.38097135087203543,
      "C-C-N": 0.3656869688614582,
      "C-S/C-Cl": 0.3578490206555216,
      "COO-": 0.3477243612045034,
      "C=C/C=N": 0.39001915100379847,
      "CH2/CH3": 0.3813437309193735,
      "N-H/C-H": 0.3844564336662491,
      "C-C": 0.3726773808787887,
      "C-O/C-N+": 0.3636666932143271,
      "NH3+/NH2": 0.36498675820378895,
      "C-C-C": 0.3345899493045484
    },
    "bond_weights": {
      "C-H bend": 0.08014165091706195,
      "C=O": 0.06716106105531937,
      "C-N": 0.08641819309540492,
      "C-C-N": 0.07005488718740203,
      "C-S/C-Cl": 0.07532524588178423,
      "COO-": 0.07488993494533484,
      "C=C/C=N": 0.08641022176131886,
      "CH2/CH3": 0.08189538528480965,
      "N-H/C-H": 0.0927753156199011,
      "C-C": 0.0769169555441232,
      "C-O/C-N+": 0.08315436323872678,
      "NH3+/NH2": 0.06422384675564718,
      "C-C-C": 0.06063293868610734
    },
    "comments": {
      "pH": "G\u1ea7n trung t\u00ednh (+0.073) \u2014 c\u00e2n b\u1eb1ng t\u1ed1t, pH ~6.5\u20137.5",
      "polarity": "Trung b\u00ecnh (0.477) \u2014 c\u00f3 C=O, N\u2013H nh\u01b0ng c\u00e2n b\u1eb1ng",
      "hydrophilicity": "Trung b\u00ecnh (0.435) \u2014 t\u01b0\u01a1ng \u0111\u1ed1i \u01b0a n\u01b0\u1edbc",
      "bond_strength": "Trung b\u00ecnh (0.668) \u2014 C\u2013C v\u00e0 C\u2013N ch\u1ee7 \u0111\u1ea1o",
      "aromaticity": "Ph\u00e1t hi\u1ec7n r\u00f5 (0.0864) \u2014 v\u00f2ng imidazole His ho\u1eb7c pyranose",
      "amide_ratio": "Cao (2.244) \u2014 chu\u1ed7i \u03b1-helix ho\u1eb7c C=O t\u1ef1 do chi\u1ebfm \u01b0u th\u1ebf",
      "crystallinity": "Trung b\u00ecnh (2.08) \u2014 tinh th\u1ec3 m\u1ed9t ph\u1ea7n"
    }
  },
  "mean_attention": {
    "C-C-C": 0.020677806809544563,
    "C-S/C-Cl": 0.10198851674795151,
    "C-C-N": 0.11878371983766556,
    "C-C": 0.09851387143135071,
    "C-N": 0.08930134773254395,
    "C-O/C-N+": 0.0756334736943245,
    "C-H bend": 0.05564877763390541,
    "N-H/C-H": 0.07803963869810104,
    "COO-": 0.016362806782126427,
    "CH2/CH3": 0.08715518563985825,
    "NH3+/NH2": 0.15266232192516327,
    "C=C/C=N": 0.023106517270207405,
    "C=O": 0.08212601393461227
  }
}