{
  "per_sample": {
    "L-histidine": {
      "spectral_entropy": 5.966320991516113,
      "amide_I_III_ratio": 0.0,
      "amide_I_position": 1630.115966796875,
      "carboxylate_ratio": 0.0,
      "amine_ratio": 0.010285915806889534,
      "CN_CC_ratio": 0.3848697245121002,
      "crystallinity_proxy": 0.004068249836564064,
      "aromaticity": 0.010285915806889534,
      "dominant_region": "C-O carboxyl + O-H bending",
      "top3_regions": [
        "C-O carboxyl + O-H bending",
        "C-C aliphatic + C-N amine + C-O alcohol/ether + C-H sp2 overtone",
        "Low-frequency lattice/skeletal"
      ],
      "pH_score": 6.443827682062984,
      "polarity": 0.6311237424612044,
      "hydrophilicity": 0.6135096728801728,
      "estimated_MW": 146.82992196552453,
      "estimated_pI": 6.443827682062984,
      "bond_strength": 43.20267868041992
    },
    "a07": {
      "spectral_entropy": 6.018711566925049,
      "amide_I_III_ratio": 0.0,
      "amide_I_position": 1630.115966796875,
      "carboxylate_ratio": 0.0,
      "amine_ratio": 0.004521501250565052,
      "CN_CC_ratio": 0.3874962031841278,
      "crystallinity_proxy": 0.004131187219172716,
      "aromaticity": 0.004521501250565052,
      "dominant_region": "C-C aliphatic + C-N amine + C-O alcohol/ether + C-H sp2 overtone",
      "top3_regions": [
        "C-C aliphatic + C-N amine + C-O alcohol/ether + C-H sp2 overtone",
        "C-O carboxyl + O-H bending",
        "Skeletal C-C/C-N stretch (low)"
      ],
      "pH_score": 5.467083833962679,
      "polarity": 0.6719251371920109,
      "hydrophilicity": 0.7074446611106396,
      "estimated_MW": 142.51961482457818,
      "estimated_pI": 5.467083833962679,
      "bond_strength": 54.794761657714844
    },
    "a14": {
      "spectral_entropy": 5.983961582183838,
      "amide_I_III_ratio": 0.0,
      "amide_I_position": 1630.115966796875,
      "carboxylate_ratio": 0.0,
      "amine_ratio": 0.0003884331090375781,
      "CN_CC_ratio": 0.2628989517688751,
      "crystallinity_proxy": 0.004194717388600111,
      "aromaticity": 0.0003884331090375781,
      "dominant_region": "C-C aliphatic + C-N amine + C-O alcohol/ether + C-H sp2 overtone",
      "top3_regions": [
        "C-C aliphatic + C-N amine + C-O alcohol/ether + C-H sp2 overtone",
        "C-O carboxyl + O-H bending",
        "C-H sp3 deformation + O-H carboxylic bending"
      ],
      "pH_score": 4.851392721757293,
      "polarity": 0.676781652867794,
      "hydrophilicity": 0.7387697316706181,
      "estimated_MW": 141.42141777932642,
      "estimated_pI": 4.851392721757293,
      "bond_strength": 60.402931213378906
    },
    "a39": {
      "spectral_entropy": 6.006960868835449,
      "amide_I_III_ratio": 0.0,
      "amide_I_position": 1630.115966796875,
      "carboxylate_ratio": 0.0,
      "amine_ratio": 0.001968455035239458,
      "CN_CC_ratio": 0.27516844868659973,
      "crystallinity_proxy": 0.004129825159907341,
      "aromaticity": 0.001968455035239458,
      "dominant_region": "C-C aliphatic + C-N amine + C-O alcohol/ether + C-H sp2 overtone",
      "top3_regions": [
        "C-C aliphatic + C-N amine + C-O alcohol/ether + C-H sp2 overtone",
        "C-O carboxyl + O-H bending",
        "C-H sp3 deformation + O-H carboxylic bending"
      ],
      "pH_score": 5.145186032392084,
      "polarity": 0.626777010038495,
      "hydrophilicity": 0.6573796719312669,
      "estimated_MW": 133.7543303931877,
      "estimated_pI": 5.145186032392084,
      "bond_strength": 58.899383544921875
    },
    "a43": {
      "spectral_entropy": 5.672041893005371,
      "amide_I_III_ratio": 0.0,
      "amide_I_position": 1630.115966796875,
      "carboxylate_ratio": 0.0,
      "amine_ratio": 0.0010303775779902935,
      "CN_CC_ratio": 0.2087089717388153,
      "crystallinity_proxy": 0.011689665727317333,
      "aromaticity": 0.0010303775779902935,
      "dominant_region": "C-C aliphatic + C-N amine + C-O alcohol/ether + C-H sp2 overtone",
      "top3_regions": [
        "C-C aliphatic + C-N amine + C-O alcohol/ether + C-H sp2 overtone",
        "C-H sp3 deformation + O-H carboxylic bending",
        "C-O carboxyl + O-H bending"
      ],
      "pH_score": 4.766302967295051,
      "polarity": 0.6927516162395477,
      "hydrophilicity": 0.7691419444978238,
      "estimated_MW": 141.9305275145173,
      "estimated_pI": 4.766302967295051,
      "bond_strength": 62.76177978515625
    },
    "a44": {
      "spectral_entropy": 6.016281604766846,
      "amide_I_III_ratio": 0.0,
      "amide_I_position": 1630.115966796875,
      "carboxylate_ratio": 0.0,
      "amine_ratio": 0.003140645567327738,
      "CN_CC_ratio": 0.32124438881874084,
      "crystallinity_proxy": 0.004160156939178705,
      "aromaticity": 0.003140645567327738,
      "dominant_region": "C-C aliphatic + C-N amine + C-O alcohol/ether + C-H sp2 overtone",
      "top3_regions": [
        "C-C aliphatic + C-N amine + C-O alcohol/ether + C-H sp2 overtone",
        "C-O carboxyl + O-H bending",
        "C-H sp3 deformation + O-H carboxylic bending"
      ],
      "pH_score": 5.237483835220337,
      "polarity": 0.6192467212677002,
      "hydrophilicity": 0.6467564210295678,
      "estimated_MW": 131.85002176478505,
      "estimated_pI": 5.237483835220337,
      "bond_strength": 58.49177932739258
    }
  },
  "average": {
    "spectral_entropy": 5.944046417872111,
    "amide_I_III_ratio": 0.0,
    "amide_I_position": 1630.115966796875,
    "carboxylate_ratio": 0.0,
    "amine_ratio": 0.0035558880578416088,
    "CN_CC_ratio": 0.3067311147848765,
    "crystallinity_proxy": 0.005395633711790045,
    "aromaticity": 0.0035558880578416088,
    "pH_score": 5.318546178781737,
    "polarity": 0.6531009800111254,
    "hydrophilicity": 0.6888336838533481,
    "estimated_MW": 139.71763904031988,
    "estimated_pI": 5.318546178781737,
    "bond_strength": 56.42555236816406
  }
}