{
  "model": 7,
  "name": "Spectral Feature Extraction Optimizer",
  "R2": 0.6223213970661163,
  "Adj_R2": 0.4334820955991745,
  "MAE": 0.040383756160736084,
  "MSE": 0.003238548757508397,
  "RMSE": 0.05690824858936002,
  "MAPE": 49.500125885009766,
  "RMSLE": 0.04503975436091423,
  "MaxError": 0.45154255628585815,
  "per_aa": {
    "Alanine": {
      "R2": 0.6581771373748779,
      "MAE": 0.02427983283996582
    },
    "Asparagine": {
      "R2": 0.5917450189590454,
      "MAE": 0.060335297137498856
    },
    "Aspartic Acid": {
      "R2": 0.5102872848510742,
      "MAE": 0.03581463173031807
    },
    "Glutamic Acid": {
      "R2": 0.6153360605239868,
      "MAE": 0.05690337345004082
    },
    "Histidine": {
      "R2": 0.75618577003479,
      "MAE": 0.03190628066658974
    },
    "Glucosamine": {
      "R2": 0.6021971106529236,
      "MAE": 0.0330631323158741
    }
  },
  "epochs": 25,
  "training_time": 15.098531007766724
}