{
  "model": 8,
  "name": "Regularization & Multi-task Optimizer",
  "R2": 0.9031473100185394,
  "Adj_R2": 0.8547209650278091,
  "MAE": 0.020862320438027382,
  "MSE": 0.0010185824939981103,
  "RMSE": 0.031915239212609865,
  "MAPE": 23.10175895690918,
  "RMSLE": 0.0261512603610754,
  "MaxError": 0.6108890771865845,
  "per_aa": {
    "Alanine": {
      "R2": 0.9372838735580444,
      "MAE": 0.018664060160517693
    },
    "Asparagine": {
      "R2": 0.8379895687103271,
      "MAE": 0.02719416283071041
    },
    "Aspartic Acid": {
      "R2": 0.88631671667099,
      "MAE": 0.02370951883494854
    },
    "Glutamic Acid": {
      "R2": 0.9270851612091064,
      "MAE": 0.018137596547603607
    },
    "Histidine": {
      "R2": 0.9400892853736877,
      "MAE": 0.018088266253471375
    },
    "Glucosamine": {
      "R2": 0.8901192545890808,
      "MAE": 0.019380321726202965
    }
  },
  "epochs": 38,
  "training_time": 9.929351806640625
}