{
  "model": 5,
  "name": "1D ResNet",
  "R2": 0.88531427582105,
  "Adj_R2": 0.827971413731575,
  "MAE": 0.02418527379631996,
  "MSE": 0.0012117063160985708,
  "RMSE": 0.03480957219068587,
  "MAPE": 33.0517463684082,
  "RMSLE": 0.028743520379066467,
  "MaxError": 0.49273595213890076,
  "per_aa": {
    "Alanine": {
      "R2": 0.9193779230117798,
      "MAE": 0.02203262969851494
    },
    "Asparagine": {
      "R2": 0.8190459609031677,
      "MAE": 0.030579114332795143
    },
    "Aspartic Acid": {
      "R2": 0.859140157699585,
      "MAE": 0.027238039299845695
    },
    "Glutamic Acid": {
      "R2": 0.9269454479217529,
      "MAE": 0.020164698362350464
    },
    "Histidine": {
      "R2": 0.9171714782714844,
      "MAE": 0.023030227050185204
    },
    "Glucosamine": {
      "R2": 0.8702046871185303,
      "MAE": 0.022066932171583176
    }
  },
  "epochs": 39,
  "training_time": 79.22325396537781
}