{
  "model": 3,
  "name": "Two-Stage Hybrid (NNLS + MLP)",
  "R2": 0.9028734877419362,
  "Adj_R2": 0.8987109229308763,
  "MAE": 0.02131400337571709,
  "MSE": 0.0010124811504562598,
  "RMSE": 0.03181950896001162,
  "MAPE": 21.849867389635254,
  "RMSLE": 0.026434178283474302,
  "MaxError": 0.4249389742282448,
  "per_aa": {
    "Alanine": {
      "R2": 0.9351720325375497,
      "MAE": 0.018929186223608337
    },
    "Asparagine": {
      "R2": 0.8322737761420093,
      "MAE": 0.029789431548735187
    },
    "Aspartic Acid": {
      "R2": 0.8693219130921648,
      "MAE": 0.02556013131389931
    },
    "Glutamic Acid": {
      "R2": 0.9302022193149737,
      "MAE": 0.01727280124971699
    },
    "Histidine": {
      "R2": 0.9533101749646204,
      "MAE": 0.017603141985716872
    },
    "Glucosamine": {
      "R2": 0.8969608104003001,
      "MAE": 0.018729327932625852
    }
  },
  "best_n_estimators": 100,
  "epochs": 0,
  "training_time": 53.62283205986023
}