{
  "model": 10,
  "name": "Radial Exhaustive Information Explorer",
  "R2": 0.9000617365042368,
  "Adj_R2": 0.8500926047563553,
  "MAE": 0.021647434681653976,
  "MSE": 0.0010471621062606573,
  "RMSE": 0.03235988421272019,
  "MAPE": 23.99810791015625,
  "RMSLE": 0.026725100353360176,
  "MaxError": 0.5593425035476685,
  "per_aa": {
    "Alanine": {
      "R2": 0.9389101266860962,
      "MAE": 0.018941141664981842
    },
    "Asparagine": {
      "R2": 0.8245590925216675,
      "MAE": 0.0287777092307806
    },
    "Aspartic Acid": {
      "R2": 0.8825967907905579,
      "MAE": 0.024618186056613922
    },
    "Glutamic Acid": {
      "R2": 0.9240797162055969,
      "MAE": 0.018855435773730278
    },
    "Histidine": {
      "R2": 0.9430458545684814,
      "MAE": 0.018434960395097733
    },
    "Glucosamine": {
      "R2": 0.8871788382530212,
      "MAE": 0.020257169380784035
    }
  },
  "epochs": 40,
  "training_time": 21.619049549102783,
  "spoke_gate_weights": {
    "VAE": 0.0,
    "PCA": 1.0,
    "FFT": 1.0,
    "BondStats": 0.0,
    "Derivatives": 1.0,
    "NMF": 1.3265571263858043e-25,
    "Moments": 1.0,
    "XCorr": 1.0
  },
  "novel_chains": [
    "PCA",
    "FFT",
    "Derivatives",
    "Moments",
    "XCorr"
  ]
}