{
  "model": 2,
  "name": "MCR-ALS (NMF) + PLSR",
  "R2": 0.5306776126764076,
  "Adj_R2": 0.48737355200066457,
  "MAE": 0.04666981231677717,
  "MSE": 0.004939167787290035,
  "RMSE": 0.07027921305258074,
  "MAPE": 46.19210728954638,
  "RMSLE": 0.05640481822471705,
  "MaxError": 0.6968726819734367,
  "per_aa": {
    "Alanine": {
      "R2": 0.6582808721140851,
      "MAE": 0.04699959469282049
    },
    "Asparagine": {
      "R2": 0.05387958576023277,
      "MAE": 0.06396389582879851
    },
    "Aspartic Acid": {
      "R2": 0.5666151604060021,
      "MAE": 0.0467024222522397
    },
    "Glutamic Acid": {
      "R2": 0.7971216304794851,
      "MAE": 0.03273694439728665
    },
    "Histidine": {
      "R2": 0.6768392371098884,
      "MAE": 0.04608485310025509
    },
    "Glucosamine": {
      "R2": 0.43132919018875215,
      "MAE": 0.043531163629262556
    }
  },
  "best_n_lv": 15,
  "nmf_k": 8,
  "epochs": 0,
  "training_time": 8.736631393432617
}