{
  "model": 1,
  "name": "Ridge/ElasticNet + Softmax",
  "R2": 0.3022950092951457,
  "Adj_R2": 0.2600610510200335,
  "MAE": 0.0604785680770874,
  "MSE": 0.007603493519127369,
  "RMSE": 0.08719801327511637,
  "MAPE": 60.34383010864258,
  "RMSLE": 0.06815233081579208,
  "MaxError": 0.8048914670944214,
  "per_aa": {
    "Alanine": {
      "R2": 0.37680715322494507,
      "MAE": 0.06000388413667679
    },
    "Asparagine": {
      "R2": -0.26317811012268066,
      "MAE": 0.07702013105154037
    },
    "Aspartic Acid": {
      "R2": 0.30286604166030884,
      "MAE": 0.06274077296257019
    },
    "Glutamic Acid": {
      "R2": 0.64136803150177,
      "MAE": 0.04600362107157707
    },
    "Histidine": {
      "R2": 0.3843340277671814,
      "MAE": 0.06750556826591492
    },
    "Glucosamine": {
      "R2": 0.37157291173934937,
      "MAE": 0.04959741607308388
    }
  },
  "best_alpha": 1000,
  "epochs": 11,
  "training_time": 1.344179630279541
}