{
  "model": 7,
  "name": "Spectral Feature Extraction Optimizer",
  "R2": 0.9054750502109528,
  "Adj_R2": 0.8582125753164291,
  "MAE": 0.020836280658841133,
  "MSE": 0.0009969040984287858,
  "RMSE": 0.03157378815455608,
  "MAPE": 23.119840621948242,
  "RMSLE": 0.026031944900751114,
  "MaxError": 0.5515651702880859,
  "per_aa": {
    "Alanine": {
      "R2": 0.9367130398750305,
      "MAE": 0.018970021978020668
    },
    "Asparagine": {
      "R2": 0.8467480540275574,
      "MAE": 0.026301702484488487
    },
    "Aspartic Acid": {
      "R2": 0.886915385723114,
      "MAE": 0.02375847101211548
    },
    "Glutamic Acid": {
      "R2": 0.924913763999939,
      "MAE": 0.018160823732614517
    },
    "Histidine": {
      "R2": 0.9416918158531189,
      "MAE": 0.018789932131767273
    },
    "Glucosamine": {
      "R2": 0.8958682417869568,
      "MAE": 0.019036730751395226
    }
  },
  "epochs": 39,
  "training_time": 15.235222816467285
}