{
  "model": 4,
  "name": "MLP (Multi-Layer Perceptron)",
  "R2": 0.9095400174458822,
  "Adj_R2": 0.8643100261688232,
  "MAE": 0.020090311765670776,
  "MSE": 0.0009473349782638252,
  "RMSE": 0.030778807291118756,
  "MAPE": 23.15721893310547,
  "RMSLE": 0.02539556473493576,
  "MaxError": 0.5706561803817749,
  "per_aa": {
    "Alanine": {
      "R2": 0.9427791237831116,
      "MAE": 0.0172449741512537
    },
    "Asparagine": {
      "R2": 0.842989981174469,
      "MAE": 0.026663703843951225
    },
    "Aspartic Acid": {
      "R2": 0.8945667743682861,
      "MAE": 0.022803373634815216
    },
    "Glutamic Acid": {
      "R2": 0.9296371936798096,
      "MAE": 0.01741119660437107
    },
    "Histidine": {
      "R2": 0.9501307010650635,
      "MAE": 0.017396189272403717
    },
    "Glucosamine": {
      "R2": 0.8971363306045532,
      "MAE": 0.01902242936193943
    }
  },
  "epochs": 40,
  "training_time": 33.764198780059814
}