{
  "model": 6,
  "name": "Adaptive Preprocessing Optimizer",
  "R2": 0.782619039217631,
  "Adj_R2": 0.6739285588264465,
  "MAE": 0.034273773431777954,
  "MSE": 0.0022484962828457355,
  "RMSE": 0.04741831168278491,
  "MAPE": 50.210506439208984,
  "RMSLE": 0.038905851542949677,
  "MaxError": 0.5645040273666382,
  "per_aa": {
    "Alanine": {
      "R2": 0.8832307457923889,
      "MAE": 0.028419194743037224
    },
    "Asparagine": {
      "R2": 0.6404323577880859,
      "MAE": 0.04758908227086067
    },
    "Aspartic Acid": {
      "R2": 0.7336781024932861,
      "MAE": 0.039584822952747345
    },
    "Glutamic Acid": {
      "R2": 0.8549616932868958,
      "MAE": 0.028258059173822403
    },
    "Histidine": {
      "R2": 0.8670392036437988,
      "MAE": 0.02851792797446251
    },
    "Glucosamine": {
      "R2": 0.7163721323013306,
      "MAE": 0.033273547887802124
    }
  },
  "epochs": 20,
  "training_time": 7.8817267417907715
}