{
  "model_id": 1,
  "metrics": {
    "r2": -0.9727485775947571,
    "mae": 0.08242980390787125,
    "mse": 0.015825776383280754,
    "rmse": 0.1258005420627461,
    "per_output": {
      "Alanine": {
        "r2": -1.7542724609375,
        "mae": 0.09314147382974625,
        "rmse": 0.11646606585411433
      },
      "Asparagine": {
        "r2": -0.4886000156402588,
        "mae": 0.06757354736328125,
        "rmse": 0.07724141602272218
      },
      "Aspartic Acid": {
        "r2": -0.06952941417694092,
        "mae": 0.06718143820762634,
        "rmse": 0.07656000057831235
      },
      "Glutamic Acid": {
        "r2": 0.6648132801055908,
        "mae": 0.03277478739619255,
        "rmse": 0.045766491142488944
      },
      "Histidine": {
        "r2": -3.0987815856933594,
        "mae": 0.1582471877336502,
        "rmse": 0.24671180256295958
      },
      "Glucosamine": {
        "r2": -1.0901210308074951,
        "mae": 0.07566037029027939,
        "rmse": 0.08124871470736886
      }
    }
  },
  "name": "Softmax Regression",
  "elapsed_s": 1.897878646850586,
  "train_metrics": {
    "r2": 0.6046566367149353,
    "mae": 0.06207108497619629,
    "mse": 0.010383332148194313,
    "rmse": 0.10189863663560132,
    "per_output": {
      "Alanine": {
        "r2": 0.6764789819717407,
        "mae": 0.06461495906114578,
        "rmse": 0.09154996740610406
      },
      "Asparagine": {
        "r2": 0.4032750129699707,
        "mae": 0.07165125757455826,
        "rmse": 0.12526792631287215
      },
      "Aspartic Acid": {
        "r2": 0.7477644681930542,
        "mae": 0.05824003741145134,
        "rmse": 0.07973009460060157
      },
      "Glutamic Acid": {
        "r2": 0.5772097110748291,
        "mae": 0.06509238481521606,
        "rmse": 0.10677680186902934
      },
      "Histidine": {
        "r2": 0.6182589530944824,
        "mae": 0.05845257639884949,
        "rmse": 0.10475836479780522
      },
      "Glucosamine": {
        "r2": 0.6049528121948242,
        "mae": 0.054375309497117996,
        "rmse": 0.09743745612699538
      }
    }
  }
}