{
  "model": 1,
  "name": "Ridge/ElasticNet + Softmax",
  "R2": 0.23091446359952292,
  "Adj_R2": 0.13689422687574815,
  "MAE": 0.05330381542444229,
  "MSE": 0.006476190872490406,
  "RMSE": 0.08047478407855721,
  "MAPE": 84.6556396484375,
  "RMSLE": 0.06279773265123367,
  "MaxError": 0.7941794395446777,
  "per_aa": {
    "Alanine": {
      "R2": 0.30175793170928955,
      "MAE": 0.03669324889779091
    },
    "Asparagine": {
      "R2": -0.02372288703918457,
      "MAE": 0.07355880737304688
    },
    "Aspartic Acid": {
      "R2": -0.09602832794189453,
      "MAE": 0.05128508806228638
    },
    "Glutamic Acid": {
      "R2": 0.3674169182777405,
      "MAE": 0.0596783310174942
    },
    "Histidine": {
      "R2": 0.5717751383781433,
      "MAE": 0.04510296508669853
    },
    "Glucosamine": {
      "R2": 0.2642880082130432,
      "MAE": 0.05350444093346596
    }
  },
  "best_alpha": 1000,
  "epochs": 11,
  "training_time": 0.9577264785766602
}